EvidenceID,Area,RibbonTab,CommandGroup,ToolOrButton,ToolType,DialogName,Shortcut,TransitionTrigger,StateChange,ObservedBehavior,SourceURL,Confidence,BeamLabMappingTarget,Notes
STAAD-GEO-001,Modeling,Geometry,Edit,Undo,Button,,Ctrl+Z,User clicks Undo,Reverts last supported operation,Negates last operation for supported geometry/property/spec operations,https://docs.bentley.com/LiveContent/web/STAAD.Pro%20Help-v21/en/STD_GEOMETRY_RIBBON_TAB.html,High,apps/web/src/components/toolbar/ModelingToolbar.tsx,Parity to validate in BeamLab undo stack
STAAD-GEO-002,Modeling,Geometry,Edit,Redo,Button,,Ctrl+Y,User clicks Redo,Reapplies prior undone action,Negates last undo operation,https://docs.bentley.com/LiveContent/web/STAAD.Pro%20Help-v21/en/STD_GEOMETRY_RIBBON_TAB.html,High,apps/web/src/components/toolbar/ModelingToolbar.tsx,Check for multi-step redo semantics
STAAD-GEO-003,Modeling,Geometry,Edit,Delete,Button,,Delete,Delete command on selected entities,Selected objects removed,Deletes selected object(s),https://docs.bentley.com/LiveContent/web/STAAD.Pro%20Help-v21/en/STD_GEOMETRY_RIBBON_TAB.html,High,apps/web/src/components/toolbar/ModelingToolbar.tsx,Verify entity-type coverage
STAAD-GEO-004,Modeling,Geometry,Clipboard,Cut,Button,,Ctrl+X,Cut command on selection,Objects removed + copied to clipboard,Cuts selected objects for later paste,https://docs.bentley.com/LiveContent/web/STAAD.Pro%20Help-v21/en/STD_GEOMETRY_RIBBON_TAB.html,High,apps/web/src/components/toolbar/ModelingToolbar.tsx,
STAAD-GEO-005,Modeling,Geometry,Clipboard,Copy,Button,,Ctrl+C,Copy command on selection,Objects copied to clipboard,Stores selected objects for repeated pasting,https://docs.bentley.com/LiveContent/web/STAAD.Pro%20Help-v21/en/STD_GEOMETRY_RIBBON_TAB.html,High,apps/web/src/components/toolbar/ModelingToolbar.tsx,
STAAD-GEO-006,Modeling,Geometry,Clipboard,Paste,Button,Paste with Move dialog,Ctrl+V,User clicks Paste,Opens placement dialog then inserts elements,Opens Paste with Move and supports repeated pasting from clipboard,https://docs.bentley.com/LiveContent/web/STAAD.Pro%20Help-v21/en/STD_GEOMETRY_RIBBON_TAB.html,High,apps/web/src/components/modeler/StaadProDialogStubs.tsx,Dialog parity checkpoint
STAAD-GEO-007,Modeling,Geometry,Grids,Beam Grid,MenuItem,Snap Node/Beam dialog,,Select Grids > Beam Grid,Grid/snap mode configured for beams/nodes,Creates members/nodes by snapping to grid points,https://docs.bentley.com/LiveContent/web/STAAD.Pro%20Help-v21/en/STD_GEOMETRY_RIBBON_TAB.html,High,apps/web/src/components/toolbar/ModelingToolbar.tsx,
STAAD-GEO-008,Modeling,Geometry,Grids,Triangular Plate Grid,MenuItem,Snap Node/Plate dialog,,Select Grids > Triangular Plate Grid,Grid/snap mode configured for triangular plates,Creates plates/nodes by snap operations,https://docs.bentley.com/LiveContent/web/STAAD.Pro%20Help-v21/en/STD_GEOMETRY_RIBBON_TAB.html,High,apps/web/src/components/toolbar/ModelingToolbar.tsx,
STAAD-GEO-009,Modeling,Geometry,Grids,Quad Plate Grid,MenuItem,Snap Node/Plate dialog,,Select Grids > Quad Plate Grid,Grid/snap mode configured for quad plates,Supports automatic quad plate creation by grid snapping,https://docs.bentley.com/LiveContent/web/STAAD.Pro%20Help-v21/en/STD_GEOMETRY_RIBBON_TAB.html,High,apps/web/src/components/toolbar/ModelingToolbar.tsx,
STAAD-GEO-010,Modeling,Geometry,Grids,Solid Grid,MenuItem,Snap Node/Solid dialog,,Select Grids > Solid Grid,Grid/snap mode configured for solids,Creates solids/nodes by snapping to solid grid points,https://docs.bentley.com/LiveContent/web/STAAD.Pro%20Help-v21/en/STD_GEOMETRY_RIBBON_TAB.html,High,apps/web/src/components/toolbar/ModelingToolbar.tsx,
STAAD-GEO-011,Modeling,Geometry,Generators,Structure Wizard,Button,Structure Wizard window,,User opens Structure Wizard,Wizard window overlays modeling flow,Parametric prototype structures can be generated and transferred into model,https://docs.bentley.com/LiveContent/web/STAAD.Pro%20Help-v21/en/STD_GEOMETRY_RIBBON_TAB.html,High,apps/web/src/components/modeler/StaadProDialogStubs.tsx,Potential high-value parity gap
STAAD-GEO-012,Modeling,Geometry,Transform,Translational Repeat,Button,Translational Repeat dialog,,User clicks Translational Repeat,Dialog opens + repeat copies generated along linear path,Replicates selected structure portions at defined intervals,https://docs.bentley.com/LiveContent/web/STAAD.Pro%20Help-v21/en/STD_GEOMETRY_RIBBON_TAB.html,High,apps/web/src/components/modeler/StaadProDialogStubs.tsx,
STAAD-GEO-013,Modeling,Geometry,Transform,Circular Repeat,Button,3D Circular dialog,,User clicks Circular Repeat,Dialog opens + repeat copies generated on circular path,Copies structural portions around specified circular path,https://docs.bentley.com/LiveContent/web/STAAD.Pro%20Help-v21/en/STD_GEOMETRY_RIBBON_TAB.html,High,apps/web/src/components/modeler/StaadProDialogStubs.tsx,
STAAD-GEO-014,Modeling,Geometry,Transform,Rotate,Button,Rotate dialog,,User clicks Rotate,Dialog opens + selection rotated/moved/copied,Rotates selected geometry about axis by angle,https://docs.bentley.com/LiveContent/web/STAAD.Pro%20Help-v21/en/STD_GEOMETRY_RIBBON_TAB.html,High,apps/web/src/components/modeler/StaadProDialogStubs.tsx,
STAAD-GEO-015,Modeling,Geometry,Transform,Mirror,Button,Mirror dialog,,User clicks Mirror,Dialog opens + mirrored copy/move operation,Mirrors selection about plane parallel to global coordinate planes,https://docs.bentley.com/LiveContent/web/STAAD.Pro%20Help-v21/en/STD_GEOMETRY_RIBBON_TAB.html,High,apps/web/src/components/modeler/StaadProDialogStubs.tsx,
STAAD-GEO-016,Modeling,Geometry,Panel Tools,Wall/Slab Connection,Button,,,Select wall + invoke tool,Boundary relation between wall/slab registered,Defines common boundary interface behavior between wall and slab mesh surfaces,https://docs.bentley.com/LiveContent/web/STAAD.Pro%20Help-v21/en/STD_GEOMETRY_RIBBON_TAB.html,High,apps/web/src/components/modeler/StaadProDialogStubs.tsx,
STAAD-GEO-017,Modeling,Geometry,Settings,Input Units,Dropdown,, ,User chooses unit set + Apply,Current input units change for geometry entry,Length/force input context switches via geometry tab dropdown,https://docs.bentley.com/LiveContent/web/STAAD.Pro%20Help-v21/en/STD_GEOMETRY_RIBBON_TAB.html,High,apps/web/src/store/uiStore.ts,Normalize with BeamLab unit system controls
STAAD-GEO-018,Modeling,Geometry,Node Tools,Move Joint,MenuItem,Move Entities dialog,,Select Move Node > Move Joint,Selected nodes translated by offset,Moves selected joints by specified translational offset,https://docs.bentley.com/LiveContent/web/STAAD.Pro%20Help-v21/en/STD_GEOMETRY_RIBBON_TAB.html,High,apps/web/src/components/toolbar/ModelingToolbar.tsx,
STAAD-GEO-019,Modeling,Geometry,Node Tools,Move Origin,MenuItem,Move Origin dialog,,Select Move Node > Move Origin,Global model origin relocated,Shifts model origin while updating geometry positions relative to new origin,https://docs.bentley.com/LiveContent/web/STAAD.Pro%20Help-v21/en/STD_GEOMETRY_RIBBON_TAB.html,High,apps/web/src/components/modeler/StaadProDialogStubs.tsx,
STAAD-GEO-020,Modeling,Geometry,Node Tools,Merge Selected Nodes,Button,Select Node dialog,,Merge node command on selected nodes,Nodes collapsed to retained node ID,Prompts for kept node then merges other selected nodes to it,https://docs.bentley.com/LiveContent/web/STAAD.Pro%20Help-v21/en/STD_GEOMETRY_RIBBON_TAB.html,High,apps/web/src/components/toolbar/ModelingToolbar.tsx,
STAAD-GEO-021,Modeling,Geometry,Node Tools,Renumber Nodes,Button,Renumber dialog,,User invokes renumber on selected nodes,Node IDs renumbered by chosen rule,Supports ascending/descending and sorting criteria for node numbering,https://docs.bentley.com/LiveContent/web/STAAD.Pro%20Help-v21/en/STD_GEOMETRY_RIBBON_TAB.html,High,apps/web/src/components/modeler/StaadProDialogStubs.tsx,
STAAD-GEO-022,Modeling,Geometry,Beam Tools,Add Beam,MenuItem,,,Choose Add Beam and click endpoints,New analytical member inserted,Adds beam between selected start/end nodes,https://docs.bentley.com/LiveContent/web/STAAD.Pro%20Help-v21/en/STD_GEOMETRY_RIBBON_TAB.html,High,apps/web/src/components/toolbar/ModelingToolbar.tsx,
STAAD-GEO-023,Modeling,Geometry,Beam Tools,Add Beam Between Midpoints,MenuItem,,,Invoke midpoint beam tool on two beams,New beam + midpoint nodes generated,Creates connecting beam using new nodes at existing beam midpoints,https://docs.bentley.com/LiveContent/web/STAAD.Pro%20Help-v21/en/STD_GEOMETRY_RIBBON_TAB.html,High,apps/web/src/components/toolbar/ModelingToolbar.tsx,
STAAD-GEO-024,Modeling,Geometry,Beam Tools,Add Beam by Perpindicular Intersection,MenuItem,,,Select base node and target beam,Perpendicular member added + intersection node created,Creates beam from existing node perpendicular to existing beam,https://docs.bentley.com/LiveContent/web/STAAD.Pro%20Help-v21/en/STD_GEOMETRY_RIBBON_TAB.html,High,apps/web/src/components/toolbar/ModelingToolbar.tsx,Spelling follows STAAD text
STAAD-GEO-025,Modeling,Geometry,Beam Tools,Add Curve Beam,MenuItem,,,Invoke curved beam command,Curved member geometry created,Defines circular arc beam segment with internal angle limit under 180 degrees,https://docs.bentley.com/LiveContent/web/STAAD.Pro%20Help-v21/en/STD_GEOMETRY_RIBBON_TAB.html,High,apps/web/src/components/modeler/StaadProDialogStubs.tsx,
STAAD-GEO-026,Modeling,Geometry,Beam Tools,Create Colinear Beams,MenuItem,,,Invoke command with selected colinear nodes,Multiple beams auto-created along straight path,Creates beams across node chain that lies on linear path,https://docs.bentley.com/LiveContent/web/STAAD.Pro%20Help-v21/en/STD_GEOMETRY_RIBBON_TAB.html,High,apps/web/src/components/toolbar/ModelingToolbar.tsx,
STAAD-GEO-027,Modeling,Geometry,Beam Tools,Set New Beam Attributes,Button,Define Member Attributes dialog,,Open attribute set tool,Default beam attribute set updated for future additions,Predefines properties/materials/beta/releases for newly added members,https://docs.bentley.com/LiveContent/web/STAAD.Pro%20Help-v21/en/STD_GEOMETRY_RIBBON_TAB.html,High,apps/web/src/components/modeler/StaadProDialogStubs.tsx,
STAAD-GEO-028,Modeling,Geometry,Beam Tools,Beam Layout,Button,Beams table,,Open Beam Layout,Context switches to beam table view,Opens tabular beam layout for inspection/editing,https://docs.bentley.com/LiveContent/web/STAAD.Pro%20Help-v21/en/STD_GEOMETRY_RIBBON_TAB.html,High,apps/web/src/components/results/ResultsHub.tsx,Map to BeamLab table UX surface
STAAD-GEO-029,Modeling,Geometry,Beam Editing,Insert Node,Button,Insert Nodes into Beam dialog,,Run Insert Node on selected beam,Beam split points inserted at distances,Inserts one or more nodes along member lengths,https://docs.bentley.com/LiveContent/web/STAAD.Pro%20Help-v21/en/STD_GEOMETRY_RIBBON_TAB.html,High,apps/web/src/components/toolbar/ModelingToolbar.tsx,
STAAD-GEO-030,Modeling,Geometry,Beam Editing,Stretch Members,Button,Stretch Member(s) dialog,,Invoke stretch command,Beam length modified by chosen method,Extends member length via dialog-driven operations,https://docs.bentley.com/LiveContent/web/STAAD.Pro%20Help-v21/en/STD_GEOMETRY_RIBBON_TAB.html,High,apps/web/src/components/modeler/StaadProDialogStubs.tsx,
STAAD-GEO-031,Modeling,Geometry,Beam Editing,Connect Beams Along X,MenuItem,,,Select Connect Beams > X,Auto beam generation along X-aligned colinear selected nodes,Detects colinear selected nodes and creates connecting members on X axis,https://docs.bentley.com/LiveContent/web/STAAD.Pro%20Help-v21/en/STD_GEOMETRY_RIBBON_TAB.html,High,apps/web/src/components/toolbar/ModelingToolbar.tsx,
STAAD-GEO-032,Modeling,Geometry,Beam Editing,Connect Beams Along Y,MenuItem,,,Select Connect Beams > Y,Auto beam generation along Y-aligned colinear selected nodes,Detects colinear selected nodes and creates connecting members on Y axis,https://docs.bentley.com/LiveContent/web/STAAD.Pro%20Help-v21/en/STD_GEOMETRY_RIBBON_TAB.html,High,apps/web/src/components/toolbar/ModelingToolbar.tsx,
STAAD-GEO-033,Modeling,Geometry,Beam Editing,Connect Beams Along Z,MenuItem,,,Select Connect Beams > Z,Auto beam generation along Z-aligned colinear selected nodes,Detects colinear selected nodes and creates connecting members on Z axis,https://docs.bentley.com/LiveContent/web/STAAD.Pro%20Help-v21/en/STD_GEOMETRY_RIBBON_TAB.html,High,apps/web/src/components/toolbar/ModelingToolbar.tsx,
STAAD-GEO-034,Modeling,Geometry,Beam Editing,Move Beam,Button,Move Selected Beams dialog,,Invoke move beam tool,Selected beams translated by offset,Moves selected beam entities via dialog offset entry,https://docs.bentley.com/LiveContent/web/STAAD.Pro%20Help-v21/en/STD_GEOMETRY_RIBBON_TAB.html,High,apps/web/src/components/toolbar/ModelingToolbar.tsx,
STAAD-GEO-035,Modeling,Geometry,Beam Integrity,Highlight Intersect Beams,MenuItem,,,Invoke intersect scan,Intersecting-but-unconnected beam pairs highlighted,Scans for members crossing in space without node connectivity,https://docs.bentley.com/LiveContent/web/STAAD.Pro%20Help-v21/en/STD_GEOMETRY_RIBBON_TAB.html,High,apps/web/src/components/results/DiagramRenderer.tsx,Candidate for quality diagnostics UX
STAAD-GEO-036,Modeling,Geometry,Beam Integrity,Intersect Selected Beams,MenuItem,,,Run intersect selected beams,Members split + intersection node inserted,Converts geometric intersection into connected topology,https://docs.bentley.com/LiveContent/web/STAAD.Pro%20Help-v21/en/STD_GEOMETRY_RIBBON_TAB.html,High,apps/web/src/components/toolbar/ModelingToolbar.tsx,
STAAD-GEO-037,Modeling,Geometry,Beam Integrity,Merge Selected Beams,Button,Merge Selected Beams dialog,,Invoke beam merge on colinear set,Two colinear beams replaced by one,Combines selected colinear members into single beam entity,https://docs.bentley.com/LiveContent/web/STAAD.Pro%20Help-v21/en/STD_GEOMETRY_RIBBON_TAB.html,High,apps/web/src/components/toolbar/ModelingToolbar.tsx,
STAAD-GEO-038,Modeling,Geometry,Beam Integrity,Renumber Beams,Button,Renumber dialog,,Invoke renumber beams,Beam IDs reassigned by rule,Renumbers selected members with sort and direction controls,https://docs.bentley.com/LiveContent/web/STAAD.Pro%20Help-v21/en/STD_GEOMETRY_RIBBON_TAB.html,High,apps/web/src/components/modeler/StaadProDialogStubs.tsx,
STAAD-GEO-039,Modeling,Geometry,Beam Integrity,Break Beams at Selected Nodes,Button,,,Run break operation with selected nodes,Beam segments split at selected on-line nodes,Splits beams where selected nodes lie along beam lines,https://docs.bentley.com/LiveContent/web/STAAD.Pro%20Help-v21/en/STD_GEOMETRY_RIBBON_TAB.html,High,apps/web/src/components/toolbar/ModelingToolbar.tsx,
STAAD-GEO-040,Modeling,Geometry,Plate Tools,Add Quad Plate,MenuItem,,,Choose Add Plate > Add Quad Plate,New quadrilateral element created,Creates quadrilateral plate from node click sequence,https://docs.bentley.com/LiveContent/web/STAAD.Pro%20Help-v21/en/STD_GEOMETRY_RIBBON_TAB.html,High,apps/web/src/components/toolbar/ModelingToolbar.tsx,
STAAD-GEO-041,Modeling,Geometry,Plate Tools,Add Triangle Plate,MenuItem,,,Choose Add Plate > Add Triangle Plate,New triangular element created,Creates triangular plate from node click sequence,https://docs.bentley.com/LiveContent/web/STAAD.Pro%20Help-v21/en/STD_GEOMETRY_RIBBON_TAB.html,High,apps/web/src/components/toolbar/ModelingToolbar.tsx,
STAAD-GEO-042,Modeling,Geometry,Plate Tools,Create Infill Plates,Button,,,Run infill on beam-bounded panel,Closed beam loops filled with plate mesh,Fills beam-bounded planar panels with generated plates for slab modeling,https://docs.bentley.com/LiveContent/web/STAAD.Pro%20Help-v21/en/STD_GEOMETRY_RIBBON_TAB.html,High,apps/web/src/components/modeler/StaadProDialogStubs.tsx,Useful for floor slab productivity parity
STAAD-GEO-043,Modeling,Geometry,Plate Tools,Set New Plate Attributes,Button,Define Plate Object Property dialog,,Open plate attribute defaults,Future plate creation defaults updated,Defines property/material/releases for new plate objects,https://docs.bentley.com/LiveContent/web/STAAD.Pro%20Help-v21/en/STD_GEOMETRY_RIBBON_TAB.html,High,apps/web/src/components/modeler/StaadProDialogStubs.tsx,
STAAD-GEO-044,Modeling,Geometry,Plate Tools,Plate Layout,Button,Plates table,,Open plate layout table,Context switches to plate table,Displays plate entities in tabular layout,https://docs.bentley.com/LiveContent/web/STAAD.Pro%20Help-v21/en/STD_GEOMETRY_RIBBON_TAB.html,High,apps/web/src/components/results/ResultsHub.tsx,
STAAD-GEO-045,Modeling,Geometry,Meshing,Parametric Models,Button,Parametric Models dialog,,Open parametric mesh modeler,Parametric wall/slab/panel editor opened,Creates/edits wall slab and panel meshes parametrically,https://docs.bentley.com/LiveContent/web/STAAD.Pro%20Help-v21/en/STD_GEOMETRY_RIBBON_TAB.html,High,apps/web/src/components/modeler/StaadProDialogStubs.tsx,
STAAD-GEO-046,Modeling,Geometry,Meshing,Generate Mesh (Create Mesh),MenuItem,Define Meshing Region dialog,,Choose Generate Mesh > Create Mesh,Node-based surface meshing wizard starts,Creates plate collection from selected node polygon + mesh parameters,https://docs.bentley.com/LiveContent/web/STAAD.Pro%20Help-v21/en/STD_GEOMETRY_RIBBON_TAB.html,High,apps/web/src/components/modeler/StaadProDialogStubs.tsx,
STAAD-GEO-047,Modeling,Geometry,Meshing,Plate Mesh,MenuItem,Select Meshing Parameters dialog,,Choose Generate Mesh > Plate Mesh,Existing polygon plate subdivided into FE mesh,Meshes existing plate into quad/triangle elements with division control,https://docs.bentley.com/LiveContent/web/STAAD.Pro%20Help-v21/en/STD_GEOMETRY_RIBBON_TAB.html,High,apps/web/src/components/modeler/StaadProDialogStubs.tsx,
STAAD-GEO-048,Modeling,Geometry,Plate Tools,Move Plate,Button,Move Selected Plates dialog,,Invoke plate move command,Selected plates translated by offset,Moves selected plate entities via translational offset dialog,https://docs.bentley.com/LiveContent/web/STAAD.Pro%20Help-v21/en/STD_GEOMETRY_RIBBON_TAB.html,High,apps/web/src/components/toolbar/ModelingToolbar.tsx,
STAAD-GEO-049,Modeling,Geometry,Plate Tools,Renumber Plates,Button,Renumber dialog,,Invoke renumber plates,Plate IDs reassigned by chosen sequence,Renumbers selected plates with sorting and ascending/descending options,https://docs.bentley.com/LiveContent/web/STAAD.Pro%20Help-v21/en/STD_GEOMETRY_RIBBON_TAB.html,High,apps/web/src/components/modeler/StaadProDialogStubs.tsx,
STAAD-GEO-050,Modeling,Geometry,Solid Tools,Add n Noded Solid,MenuItem,,,Choose Add Solid and node count,4-8 node solid entity created,Adds solid with selected node-count variant for volumetric modeling,https://docs.bentley.com/LiveContent/web/STAAD.Pro%20Help-v21/en/STD_GEOMETRY_RIBBON_TAB.html,High,apps/web/src/components/toolbar/ModelingToolbar.tsx,Expand with Solid Layout/Move/Renumber in next batch
STAAD-SHELL-001,Shell,File Tab,Backstage,File Tab,Tab,Backstage view,,User clicks File tab,Main workspace context switches to Backstage file-ops surface,File tab opens Backstage view for file operations,https://docs.bentley.com/LiveContent/web/STAAD.Pro%20Help-v21/en/STD_FILE_RIBBON_TAB.html,High,apps/web/src/components/layout/EngineeringRibbon.tsx,
STAAD-SHELL-002,Shell,Quick Access Toolbar,Navigation,Back,Button,,,User clicks QAT Back,Navigates backward in page history,Back button traverses workflow/page navigation history,https://docs.bentley.com/LiveContent/web/STAAD.Pro%20Help-v21/en/GUID-BB7677AA-3CD8-4A2D-BF29-119FB57BD75A.html,High,apps/web/src/store/uiStore.ts,
STAAD-SHELL-003,Shell,Quick Access Toolbar,Navigation,Forward,Button,,,User clicks QAT Forward,Navigates forward in page history,Forward supports history traversal and history drop-down jump,https://docs.bentley.com/LiveContent/web/STAAD.Pro%20Help-v21/en/GUID-BB7677AA-3CD8-4A2D-BF29-119FB57BD75A.html,High,apps/web/src/store/uiStore.ts,
STAAD-SHELL-004,Shell,Quick Access Toolbar,File Ops,Save,Button,,Ctrl+S,User clicks Save or shortcut,Model persisted,Save current model from QAT,https://docs.bentley.com/LiveContent/web/STAAD.Pro%20Help-v21/en/GUID-BB7677AA-3CD8-4A2D-BF29-119FB57BD75A.html,High,apps/web/src/components/layout/EngineeringRibbon.tsx,
STAAD-SHELL-005,Shell,Quick Access Toolbar,File Ops,Open,Button,,Ctrl+O,User clicks Open or shortcut,Start-page open flow activated,Open loads model selection/start-page open tab,https://docs.bentley.com/LiveContent/web/STAAD.Pro%20Help-v21/en/GUID-BB7677AA-3CD8-4A2D-BF29-119FB57BD75A.html,High,apps/web/src/components/layout/EngineeringRibbon.tsx,
STAAD-SHELL-006,Shell,Quick Access Toolbar,Session,Close,Button,,,User clicks Close,Current model closes + returns to start page,Close model from QAT,https://docs.bentley.com/LiveContent/web/STAAD.Pro%20Help-v21/en/GUID-BB7677AA-3CD8-4A2D-BF29-119FB57BD75A.html,High,apps/web/src/components/layout/EngineeringRibbon.tsx,
STAAD-SHELL-007,Shell,Quick Access Toolbar,Editor Integration,Command File,Button,,,User clicks Command File,STAAD editor opens .std input file,Command File may prompt save before opening editor,https://docs.bentley.com/LiveContent/web/STAAD.Pro%20Help-v21/en/GUID-BB7677AA-3CD8-4A2D-BF29-119FB57BD75A.html,High,apps/web/src/components/modeler/StaadProDialogStubs.tsx,Hidden by default in QAT
STAAD-SHELL-008,Shell,Quick Access Toolbar,Editor Integration,Analysis Output,Button,,,User clicks Analysis Output,Output editor window opens,Opens successful analysis/design run output in editor window,https://docs.bentley.com/LiveContent/web/STAAD.Pro%20Help-v21/en/GUID-BB7677AA-3CD8-4A2D-BF29-119FB57BD75A.html,High,apps/web/src/components/results/ResultsHub.tsx,Hidden by default in QAT
STAAD-SHELL-009,Shell,Workflow Panel,Workflow Switching,Analytical Modeling,Workflow,,,User selects workflow,Page control and ribbon context update to analytical set,Workflow organizes major project stage tasks,https://docs.bentley.com/LiveContent/web/STAAD.Pro%20Help-v21/en/GUID-0E9A64F6-3D80-434E-8A0F-0938278474CF.html,High,apps/web/src/components/layout/EngineeringRibbon.tsx,
STAAD-SHELL-010,Shell,Workflow Panel,Workflow Switching,Postprocessing,Workflow,,,User selects Postprocessing workflow,Page control switches to results-centric pages,Postprocessing used for analysis/design result review and report building,https://docs.bentley.com/LiveContent/web/STAAD.Pro%20Help-v21/en/GUID-0E9A64F6-3D80-434E-8A0F-0938278474CF.html,High,apps/web/src/components/results/ResultsHub.tsx,
STAAD-SHELL-011,Shell,Workflow Panel,Workflow Behavior,Physical Modeling,Workflow,,,User launches Physical Modeling,External/alternate application window is opened,Physical modeling workflow opens STAAD.Pro Physical Modeler,https://docs.bentley.com/LiveContent/web/STAAD.Pro%20Help-v21/en/GUID-0E9A64F6-3D80-434E-8A0F-0938278474CF.html,High,apps/web/src/components/modeler/StaadProDialogStubs.tsx,
STAAD-SHELL-012,Shell,Page Control,Analytical Pages,Analytical Page Row,PageStrip,,,Workflow set to Analytical Modeling,Page row shows Geometry→Design sequence,Recommended progression is left-to-right along page row,https://docs.bentley.com/LiveContent/web/STAAD.Pro%20Help-v21/en/GUID-92D4D790-7599-442C-B6E1-19B671EF2DB8.html,High,apps/web/src/components/layout/EngineeringRibbon.tsx,
STAAD-SHELL-013,Shell,Page Control,Postprocessing Pages,Postprocessing Page Row,PageStrip,,,Workflow set to Postprocessing,Page row shows Displacements/Reactions/Beam/Plate/Solid/Dynamics/Reports,Page set switches with workflow and drives associated dialogs,https://docs.bentley.com/LiveContent/web/STAAD.Pro%20Help-v21/en/GUID-92D4D790-7599-442C-B6E1-19B671EF2DB8.html,High,apps/web/src/components/results/ResultsHub.tsx,
STAAD-SHELL-014,Shell,Page Control,Layout Recovery,Restore View,Button,,,User clicks Restore View on page control,Closed page dialogs restored,Restore View re-displays dialogs for active page,https://docs.bentley.com/LiveContent/web/STAAD.Pro%20Help-v21/en/GUID-92D4D790-7599-442C-B6E1-19B671EF2DB8.html,High,apps/web/src/components/layout/RightPropertiesPanel.tsx,
STAAD-SHELL-015,Shell,Data Area,Context Panels,Data Area Panel Stack,Panel,,,User changes workflow or page,Dialogs/tables update in right-side data region,Data area hosts entry/review panels tied to current page context,https://docs.bentley.com/LiveContent/web/STAAD.Pro%20Help-v21/en/GUID-7C43311F-0B35-4EF4-B4F4-D36B9B907345.html,High,apps/web/src/components/layout/RightPropertiesPanel.tsx,
STAAD-SHELL-016,Shell,View Window,Canvas,View Window,Canvas,,,Application focus in view window,Graphical model/results interaction enabled,View window is primary graphical canvas for model and results,https://docs.bentley.com/LiveContent/web/STAAD.Pro%20Help-v21/en/GUID-349C46F4-C0B5-4B6E-8959-EE759E93B054.html,High,apps/web/src/components/ViewportManager.tsx,
STAAD-SHELL-017,Shell,View Window,Context Menu,Right-Click Pop-up Menu,Menu,,,User right-clicks in view window,Context menu opens with selection-dependent items,Right-click menu provides fast access to commonly used tools/utilities,https://docs.bentley.com/LiveContent/web/STAAD.Pro%20Help-v21/en/GUID-CCBC920C-CB07-464B-8D59-DB3C4B6AE787.html,High,apps/web/src/components/ViewportManager.tsx,
STAAD-SHELL-018,Shell,View Window,Context Menu,Right-Click View Tools,Menu,,,User Shift+right-clicks in view window,View tools menu opens at pointer,Holding Shift while right-clicking opens view-navigation tools group,https://docs.bentley.com/LiveContent/web/STAAD.Pro%20Help-v21/en/GUID-BCED57E2-8521-453D-9C14-4139326919A6.html,High,apps/web/src/components/ViewportManager.tsx,
STAAD-SHELL-019,Shell,View Window,Quick Commands,Quick Commands Popup,Menu,,,User presses Space with view focus,Quick commands popup appears,Popup is customizable and supports high-frequency select/utility/label commands,https://docs.bentley.com/LiveContent/web/STAAD.Pro%20Help-v21/en/GUID-CCD59678-10A6-4CEF-9161-2AFE6C75E743.html,High,apps/web/src/components/ViewportManager.tsx,
STAAD-SHELL-020,Shell,Tool Search,Discovery,Tool Search,SearchField,,,User types partial tool name in search field,Result list of matching tools shown,Hovering result reveals workflow-tab-group location and Show Details gives descriptions,https://docs.bentley.com/LiveContent/web/STAAD.Pro%20Help-v21/en/GUID-65AAA75D-5D66-4275-9BCD-B064E681B031.html,High,apps/web/src/components/layout/EngineeringRibbon.tsx,
STAAD-SHELL-021,Shell,Status Bar,Context Status,Workflow and Tips,StatusField,,,User changes tools/page/workflow,Status text updates with context and next-step hints,Status bar communicates current workflow and action guidance,https://docs.bentley.com/LiveContent/web/STAAD.Pro%20Help-v21/en/GUID-0BC037C5-692D-403F-9F2C-88C7A476E36D.html,High,apps/web/src/components/modeler/StatusBar.tsx,
STAAD-SHELL-022,Shell,Status Bar,Context Status,Active Load + Input Units,StatusField,,,Load case or units context changes,Indicators update in status bar,Status bar shows active load case and current input units,https://docs.bentley.com/LiveContent/web/STAAD.Pro%20Help-v21/en/GUID-0BC037C5-692D-403F-9F2C-88C7A476E36D.html,High,apps/web/src/components/modeler/StatusBar.tsx,
STAAD-SHELL-023,Shell,Keyboard Layer,Global Shortcuts,Run Analysis,Shortcut,,Ctrl+F5,User presses shortcut,Analysis and optional batch design run starts,Global shortcut launches analysis pipeline,https://docs.bentley.com/LiveContent/web/STAAD.Pro%20Help-v21/en/GUID-8E9DAF27-0814-4E8E-94D2-F1204A222EDD.html,High,apps/web/src/components/AnalysisProgressModal.tsx,
STAAD-SHELL-024,Shell,Keyboard Layer,Window/View Shortcuts,Orientation Dialog,Shortcut,Orientation dialog,F4,User presses F4,Orientation dialog opens for precise view control,F4 shortcut binds to orientation control surface,https://docs.bentley.com/LiveContent/web/STAAD.Pro%20Help-v21/en/GUID-8E9DAF27-0814-4E8E-94D2-F1204A222EDD.html,High,apps/web/src/components/ViewportManager.tsx,
STAAD-SHELL-025,Shell,Keyboard Layer,Window/View Shortcuts,View Rotate/Spin,Shortcut,,Arrow keys / Ctrl+Arrow keys,User presses arrow key combinations,Camera orientation/spin changes in active view,Arrow controls handle rotate; Ctrl+arrows handle spin behavior,https://docs.bentley.com/LiveContent/web/STAAD.Pro%20Help-v21/en/GUID-8E9DAF27-0814-4E8E-94D2-F1204A222EDD.html,High,apps/web/src/components/ViewportManager.tsx,
STAAD-SHELL-026,Shell,Keyboard Layer,Display Toggle,Node Labels Toggle,Shortcut,,Shift+N,User presses Shift+N,Node label visibility toggles,Label display shortcuts provide fast annotation visibility control,https://docs.bentley.com/LiveContent/web/STAAD.Pro%20Help-v21/en/GUID-8E9DAF27-0814-4E8E-94D2-F1204A222EDD.html,High,apps/web/src/components/ViewportManager.tsx,
STAAD-SHELL-027,Shell,Keyboard Layer,Display Toggle,Beam Labels Toggle,Shortcut,,Shift+B,User presses Shift+B,Beam label visibility toggles,Beam numbers can be shown/hidden quickly via shortcut,https://docs.bentley.com/LiveContent/web/STAAD.Pro%20Help-v21/en/GUID-8E9DAF27-0814-4E8E-94D2-F1204A222EDD.html,High,apps/web/src/components/ViewportManager.tsx,
STAAD-SHELL-028,Shell,Keyboard Layer,Display Mode,Analytical/Wireframe/Filled/Rendered View,Shortcut,,Ctrl+0 / Ctrl+1 / Ctrl+2 / Ctrl+4,User presses display mode shortcut,Active view render mode switches,Shortcut set changes model display representation rapidly,https://docs.bentley.com/LiveContent/web/STAAD.Pro%20Help-v21/en/GUID-8E9DAF27-0814-4E8E-94D2-F1204A222EDD.html,High,apps/web/src/components/ViewportManager.tsx,
STAAD-SHELL-029,Shell,Ribbon Access,Keyboard Navigation,Alt Ribbon Access Keys,Shortcut,,Alt,User presses Alt,Ribbon keytips exposed for tab access,Most ribbon tabs become keyboard accessible via Alt keytips,https://docs.bentley.com/LiveContent/web/STAAD.Pro%20Help-v21/en/GUID-8E9DAF27-0814-4E8E-94D2-F1204A222EDD.html,High,apps/web/src/components/layout/EngineeringRibbon.tsx,
STAAD-SHELL-030,Shell,View Tools Menu,Navigation,Whole Structure,MenuItem,, ,User invokes whole structure in view tools,View fits full structure and resets to orthogonal baseline,Whole Structure re-frames and normalizes orientation,https://docs.bentley.com/LiveContent/web/STAAD.Pro%20Help-v21/en/GUID-BCED57E2-8521-453D-9C14-4139326919A6.html,High,apps/web/src/components/ViewportManager.tsx,
STAAD-SHELL-031,Shell,View Tools Menu,Navigation,Pan,MenuItem,,,User invokes Pan or uses middle mouse hold,Viewport pans without magnification change,Pan allows moving view window over model extents,https://docs.bentley.com/LiveContent/web/STAAD.Pro%20Help-v21/en/GUID-BCED57E2-8521-453D-9C14-4139326919A6.html,High,apps/web/src/components/ViewportManager.tsx,
STAAD-SHELL-032,Shell,View Tools Menu,Navigation,Always Fit in Current Window,Toggle,,,User toggles Always Fit,Model redraw scaling behavior changes with window size,Controls whether selected entities auto-fit changing drawing bounds,https://docs.bentley.com/LiveContent/web/STAAD.Pro%20Help-v21/en/GUID-BCED57E2-8521-453D-9C14-4139326919A6.html,High,apps/web/src/components/ViewportManager.tsx,
STAAD-SHELL-033,Shell,Right-Click Menu,View,3D Rendering,MenuItem,,,User selects 3D Rendering from context menu,Separate rendered window opens with enhanced visual controls,Rendering is presentation-oriented and requires property/material assignment,https://docs.bentley.com/LiveContent/web/STAAD.Pro%20Help-v21/en/GUID-CCBC920C-CB07-464B-8D59-DB3C4B6AE787.html,High,apps/web/src/components/ViewportManager.tsx,
STAAD-SHELL-034,Shell,Quick Commands Popup,Customization,Customize Quick Commands,Dialog,Customize Quick Commands Popup dialog,,User clicks customize icon in popup,Popup command set can be modified,Quick Commands menu supports user-curated tool sets,https://docs.bentley.com/LiveContent/web/STAAD.Pro%20Help-v21/en/GUID-CCD59678-10A6-4CEF-9161-2AFE6C75E743.html,High,apps/web/src/components/modeler/StaadProDialogStubs.tsx,
STAAD-SHELL-035,Shell,Legacy Migration,Mode Replacement,Modes/Page Controls replaced by Workflows,Behavior,,,User compares legacy UI expectations,Legacy mode/page grouping replaced by workflows panel + row pages,Workflows panel supersedes prior generation mode strip and side page controls,https://docs.bentley.com/LiveContent/web/STAAD.Pro%20Help-v21/en/GUID-0E9A64F6-3D80-434E-8A0F-0938278474CF.html,High,apps/web/src/components/layout/EngineeringRibbon.tsx,Important for migration heuristics
STAAD-P3-001,Modeling,View,Labels,Labels Settings,Button,Diagrams dialog,,User opens Labels Settings,Labels tab dialog appears,View label controls are centralized in diagrams labels tab,https://docs.bentley.com/LiveContent/web/STAAD.Pro%20Help-v21/en/STD_VIEW_RIBBON_TAB.html,High,apps/web/src/components/ViewportManager.tsx,
STAAD-P3-002,Modeling,View,Labels,Node Labels,Dropdown,,Shift+N,User toggles node labels,Node label display toggles,Shortcut and dropdown both control node label visibility,https://docs.bentley.com/LiveContent/web/STAAD.Pro%20Help-v21/en/STD_VIEW_RIBBON_TAB.html,High,apps/web/src/components/ViewportManager.tsx,
STAAD-P3-003,Modeling,View,Navigation,Zoom Window,Button,,,User draws zoom window,Current view re-framed to drawn bounds,Zoom window performs local magnification focus,https://docs.bentley.com/LiveContent/web/STAAD.Pro%20Help-v21/en/STD_VIEW_RIBBON_TAB.html,High,apps/web/src/components/ViewportManager.tsx,
STAAD-P3-004,Modeling,View,Navigation,Whole Structure,Button,,,User selects whole structure,Model fits full extent and resets orientation,Whole structure is a reset framing command,https://docs.bentley.com/LiveContent/web/STAAD.Pro%20Help-v21/en/STD_VIEW_RIBBON_TAB.html,High,apps/web/src/components/ViewportManager.tsx,
STAAD-P3-005,Modeling,View,Navigation,Orientation,Button,Orientation dialog,F4,User invokes orientation,Orientation dialog opens,Precise orientation setup is dialog-driven,https://docs.bentley.com/LiveContent/web/STAAD.Pro%20Help-v21/en/STD_VIEW_RIBBON_TAB.html,High,apps/web/src/components/ViewportManager.tsx,
STAAD-P3-006,Modeling,View,Window Management,New View,Button,New View dialog,,User creates new view,Child or replacement view window created,New view supports multi-window inspection workflows,https://docs.bentley.com/LiveContent/web/STAAD.Pro%20Help-v21/en/STD_VIEW_RIBBON_TAB.html,High,apps/web/src/components/ViewportManager.tsx,
STAAD-P3-007,Modeling,View,Display,Display Options,Button,Options dialog,,User opens display options,Display unit and graphic options panel opens,View display options affect shown values and presentation units,https://docs.bentley.com/LiveContent/web/STAAD.Pro%20Help-v21/en/STD_VIEW_RIBBON_TAB.html,High,apps/web/src/components/ViewportManager.tsx,
STAAD-P3-008,Modeling,View,Display,Set Structure Colors,Button,Color Manager dialog,,User opens color manager,Color setup dialog opens,Entity and result color schemes are configurable,https://docs.bentley.com/LiveContent/web/STAAD.Pro%20Help-v21/en/STD_VIEW_RIBBON_TAB.html,High,apps/web/src/components/ViewportManager.tsx,
STAAD-P3-009,Modeling,Select,Cursor Modes,Geometry Cursor,Button,,,User activates geometry cursor,Mixed entity selection mode enabled,Geometry cursor selects multiple object classes in one mode,https://docs.bentley.com/LiveContent/web/STAAD.Pro%20Help-v21/en/GUID-B15B93E3-672A-4171-86FB-5497C5D048C6.html,High,apps/web/src/components/toolbar/ModelingToolbar.tsx,
STAAD-P3-010,Modeling,Select,Cursor Modes,Members Cursor,Button,,,User activates members cursor,Physical member linked segments selected together,Member cursor maps to design-member grouping behavior,https://docs.bentley.com/LiveContent/web/STAAD.Pro%20Help-v21/en/GUID-B15B93E3-672A-4171-86FB-5497C5D048C6.html,High,apps/web/src/components/toolbar/ModelingToolbar.tsx,
STAAD-P3-011,Modeling,Select,Selection Sets,All Geometry,Button,,,User selects all geometry,All nodes beams plates and solids selected,Global all command provides fast full-model selection,https://docs.bentley.com/LiveContent/web/STAAD.Pro%20Help-v21/en/GUID-B15B93E3-672A-4171-86FB-5497C5D048C6.html,High,apps/web/src/components/toolbar/ModelingToolbar.tsx,
STAAD-P3-012,Modeling,Select,Selection Sets,Inverse Geometry,Button,,,User runs inverse selection,Selection set is inverted,Inverse supports exclusion-first workflows,https://docs.bentley.com/LiveContent/web/STAAD.Pro%20Help-v21/en/GUID-B15B93E3-672A-4171-86FB-5497C5D048C6.html,High,apps/web/src/components/toolbar/ModelingToolbar.tsx,
STAAD-P3-013,Modeling,Select,Relational Select,Connected Geometry,MenuItem,,,User chooses connected selector,Entities linked to chosen object are selected,Connectivity-based selection aids topology debugging,https://docs.bentley.com/LiveContent/web/STAAD.Pro%20Help-v21/en/GUID-B15B93E3-672A-4171-86FB-5497C5D048C6.html,High,apps/web/src/components/toolbar/ModelingToolbar.tsx,
STAAD-P3-014,Modeling,Select,QA Select,Missing Property,Button,,,User selects missing property,Entities missing required properties are selected,Missing property selector is quality-check accelerator,https://docs.bentley.com/LiveContent/web/STAAD.Pro%20Help-v21/en/GUID-B15B93E3-672A-4171-86FB-5497C5D048C6.html,High,apps/web/src/components/results/ResultsHub.tsx,
STAAD-P3-015,Modeling,Select,Selection Modes,Drag Box,Toggle,,,User sets drag box mode,Rectangle drag selection mode activated,Drag mode changes geometric pick behavior,https://docs.bentley.com/LiveContent/web/STAAD.Pro%20Help-v21/en/GUID-B15B93E3-672A-4171-86FB-5497C5D048C6.html,High,apps/web/src/components/ViewportManager.tsx,
STAAD-P3-016,Modeling,Specification,Sections,Standard Section Gallery,Dropdown,,,User opens standard section gallery,Country and material section lists appear,Section databases are grouped by standard table sets,https://docs.bentley.com/LiveContent/web/STAAD.Pro%20Help-v21/en/GUID-CAD3706F-E66D-45B7-B7C7-6DD9A3A6E365.html,High,apps/web/src/components/steel-design/,
STAAD-P3-017,Modeling,Specification,Sections,Prismatic,Button,Prismatic dialog,,User opens prismatic section tool,Prismatic section dialog opens,Prismatic supports circular rectangular tee trapezoidal and general sections,https://docs.bentley.com/LiveContent/web/STAAD.Pro%20Help-v21/en/GUID-CAD3706F-E66D-45B7-B7C7-6DD9A3A6E365.html,High,apps/web/src/components/modeler/StaadProDialogStubs.tsx,
STAAD-P3-018,Modeling,Specification,Sections,Tapered,Button,Property Tapered I dialog,,User opens tapered section tool,Tapered I dialog opens,Member depth-varying I section is configured here,https://docs.bentley.com/LiveContent/web/STAAD.Pro%20Help-v21/en/GUID-CAD3706F-E66D-45B7-B7C7-6DD9A3A6E365.html,High,apps/web/src/components/modeler/StaadProDialogStubs.tsx,
STAAD-P3-019,Modeling,Specification,Constants,Youngs Modulus,MenuItem,Material Constant dialog,,User assigns elasticity constant,Elastic modulus constant assignment dialog opens,Material constants include predefined or custom values,https://docs.bentley.com/LiveContent/web/STAAD.Pro%20Help-v21/en/GUID-CAD3706F-E66D-45B7-B7C7-6DD9A3A6E365.html,High,apps/web/src/components/layout/RightPropertiesPanel.tsx,
STAAD-P3-020,Modeling,Specification,Beam Spec,Beta Angle,MenuItem,Beta Angle dialog,,User sets beta angle specification,Beta angle assignment dialog opens,Local axis orientation is member-spec driven,https://docs.bentley.com/LiveContent/web/STAAD.Pro%20Help-v21/en/GUID-CAD3706F-E66D-45B7-B7C7-6DD9A3A6E365.html,High,apps/web/src/components/layout/RightPropertiesPanel.tsx,
STAAD-P3-021,Modeling,Specification,Beam Spec,Release,MenuItem,Member Specification dialog,,User sets release specification,Release and spring options become assignable,Member-end release behavior is explicitly spec-driven,https://docs.bentley.com/LiveContent/web/STAAD.Pro%20Help-v21/en/GUID-CAD3706F-E66D-45B7-B7C7-6DD9A3A6E365.html,High,apps/web/src/components/layout/RightPropertiesPanel.tsx,
STAAD-P3-022,Modeling,Specification,Support Spec,Fixed Support,Button,Create Support dialog,,User creates fixed support,Support tag defined and optionally assigned,Fixed support restrains all six dof,https://docs.bentley.com/LiveContent/web/STAAD.Pro%20Help-v21/en/GUID-CAD3706F-E66D-45B7-B7C7-6DD9A3A6E365.html,High,apps/web/src/components/layout/RightPropertiesPanel.tsx,
STAAD-P3-023,Modeling,Specification,Tools,Section Database,Button,Section Database Manager window,,User launches section database manager,External section manager opens,Section database manager is a dedicated application surface,https://docs.bentley.com/LiveContent/web/STAAD.Pro%20Help-v21/en/GUID-CAD3706F-E66D-45B7-B7C7-6DD9A3A6E365.html,High,apps/web/src/components/modeler/StaadProDialogStubs.tsx,
STAAD-P3-024,Loading,Loading,Case Lifecycle,Primary Load Cases,Button,Create Primary Load Case dialog,,User creates primary load case,New primary case entry added,Primary case creation is first-class command in loading ribbon,https://docs.bentley.com/LiveContent/web/STAAD.Pro%20Help-v21/en/STD_LOADING_RIBBON_TAB.html,High,apps/web/src/components/LoadDialog.tsx,
STAAD-P3-025,Loading,Loading,Case Lifecycle,Combination Load Case,Button,Define Load Combinations dialog,,User defines combination case,Result-combination case added,Combination load case combines analyzed results not fresh analysis,https://docs.bentley.com/LiveContent/web/STAAD.Pro%20Help-v21/en/STD_LOADING_RIBBON_TAB.html,High,apps/web/src/utils/LoadComboService.ts,
STAAD-P3-026,Loading,Loading,Generators,Vehicle Load Generator,Button,Load Generation dialog,,User opens vehicle load generator,Vehicle-based primary case generation flow opens,Moving-load style generation is wizard-driven,https://docs.bentley.com/LiveContent/web/STAAD.Pro%20Help-v21/en/STD_LOADING_RIBBON_TAB.html,High,apps/web/src/components/modeler/StaadProDialogStubs.tsx,
STAAD-P3-027,Loading,Loading,Generators,Wind Load Generator IS875,MenuItem,Wind Load Generation dialog,,User selects IS875 wind generator,Code-specific wind generation dialog opens,Wind generation has per-code entry path in ribbon,https://docs.bentley.com/LiveContent/web/STAAD.Pro%20Help-v21/en/STD_LOADING_RIBBON_TAB.html,High,apps/web/src/components/IS875LoadDialog.tsx,
STAAD-P3-028,Loading,Loading,Generators,Mass Model Generator,Button,Create Mass Model dialog,,User runs mass model generator,Mass model built from selected load cases,Mass model creation supports dynamic workflows,https://docs.bentley.com/LiveContent/web/STAAD.Pro%20Help-v21/en/STD_LOADING_RIBBON_TAB.html,High,apps/web/src/components/modeler/StaadProDialogStubs.tsx,
STAAD-P3-029,Loading,Loading,Definitions,Seismic Definition,MenuItem,Add New Seismic Definitions dialog,,User adds seismic definition,Code parameter dialog opens for static-equivalent setup,Seismic definitions are country-code keyed,https://docs.bentley.com/LiveContent/web/STAAD.Pro%20Help-v21/en/STD_LOADING_RIBBON_TAB.html,High,apps/web/src/components/SeismicLoadDialog.tsx,
STAAD-P3-030,Loading,Loading,Definitions,Pushover Definition,Button,Add New Pushover dialog,,User adds pushover definition,Pushover parameter dialog opens,Pushover is explicitly represented in loading definitions,https://docs.bentley.com/LiveContent/web/STAAD.Pro%20Help-v21/en/STD_LOADING_RIBBON_TAB.html,High,apps/web/src/components/modeler/StaadProDialogStubs.tsx,
STAAD-P3-031,Loading,Loading,Time History,Forcing Function,MenuItem,Add New Time History Definitions dialog,,User adds forcing function,Time-varying load definition dialog opens,Time history entries are split by forcing function and parameters,https://docs.bentley.com/LiveContent/web/STAAD.Pro%20Help-v21/en/STD_LOADING_RIBBON_TAB.html,High,apps/web/src/components/TimeHistoryAnalysisPanel.tsx,
STAAD-P3-032,Loading,Loading,Display,View Loading Diagram,Toggle,,,User toggles view loading diagram,Active load-case display overlay toggles,Loading tab includes direct visual verification toggle,https://docs.bentley.com/LiveContent/web/STAAD.Pro%20Help-v21/en/STD_LOADING_RIBBON_TAB.html,High,apps/web/src/components/ViewportManager.tsx,
STAAD-P3-033,Analysis,Analysis and Design,Commands,Analysis Commands,Button,Analysis Print Commands dialog,,User opens analysis commands,Analysis command setup dialog opens,Analysis command authoring is explicit pre-run step,https://docs.bentley.com/LiveContent/web/STAAD.Pro%20Help-v21/en/STD_ANALYSIS_AND_DESIGN_RIBBON_TAB.html,High,apps/web/src/components/modeler/StaadProDialogStubs.tsx,
STAAD-P3-034,Analysis,Analysis and Design,Misc Set,Set Eigen Method,MenuItem,Set Eigen Method dialog,,User sets eigen method,Dynamic mode extraction method changes,Set eigen method controls eigen or Ritz strategy,https://docs.bentley.com/LiveContent/web/STAAD.Pro%20Help-v21/en/STD_ANALYSIS_AND_DESIGN_RIBBON_TAB.html,High,apps/web/src/components/ModalAnalysisPanel.tsx,
STAAD-P3-035,Analysis,Analysis and Design,Misc Set,Cut Off Mode Shape,MenuItem,Cut Off Mode Shape dialog,,User sets mode cutoff count,Mode extraction upper limit changes,Cutoff commands tune modal response workflows,https://docs.bentley.com/LiveContent/web/STAAD.Pro%20Help-v21/en/STD_ANALYSIS_AND_DESIGN_RIBBON_TAB.html,High,apps/web/src/components/ModalAnalysisPanel.tsx,
STAAD-P3-036,Analysis,Analysis and Design,Execution,Run Analysis,Button,STAAD Analysis and Design window,Ctrl+F5,User runs analysis,Execution progress window opens and run starts,Run analysis is central execution trigger for solver and batch design,https://docs.bentley.com/LiveContent/web/STAAD.Pro%20Help-v21/en/STD_ANALYSIS_AND_DESIGN_RIBBON_TAB.html,High,apps/web/src/components/AnalysisProgressModal.tsx,
STAAD-P3-037,Analysis,Analysis and Design,Cloud,Run Cloud Analysis,Button,Run Cloud Analysis dialog,,User chooses cloud analysis,Scenario submission flow starts via connect services,Cloud run requires valid connected account state,https://docs.bentley.com/LiveContent/web/STAAD.Pro%20Help-v21/en/STD_ANALYSIS_AND_DESIGN_RIBBON_TAB.html,High,apps/web/src/components/modeler/StaadProDialogStubs.tsx,
STAAD-P3-038,Design,Analysis and Design,Design Codes,Steel Design,Button,Steel Design Whole Structure dialog,,User opens steel design,Code selection and parameter assignment dialog opens,Steel design setup is whole-structure dialog driven,https://docs.bentley.com/LiveContent/web/STAAD.Pro%20Help-v21/en/STD_ANALYSIS_AND_DESIGN_RIBBON_TAB.html,High,apps/web/src/components/steel-design/,
STAAD-P3-039,Design,Analysis and Design,Design Codes,Concrete Design,Button,Concrete Design Whole Structure dialog,,User opens concrete design,Code selection and parameter assignment dialog opens,Concrete design setup mirrors steel setup pattern,https://docs.bentley.com/LiveContent/web/STAAD.Pro%20Help-v21/en/STD_ANALYSIS_AND_DESIGN_RIBBON_TAB.html,High,apps/web/src/components/rc-design/,
STAAD-P3-040,Results,Results,Primary Diagrams,Deflection,Button,,,User displays deflection,Deflected shape overlay is drawn,Deflection uses nodal displacement visualization,https://docs.bentley.com/LiveContent/web/STAAD.Pro%20Help-v21/en/STD_RESULTS_RIBBON_TAB.html,High,apps/web/src/components/results/DiagramRenderer.tsx,
STAAD-P3-041,Results,Results,Primary Diagrams,Displacement,Button,,,User displays displacement,Node and beam sectional displacement rendering shown,Displacement view emphasizes sectional accuracy,https://docs.bentley.com/LiveContent/web/STAAD.Pro%20Help-v21/en/STD_RESULTS_RIBBON_TAB.html,High,apps/web/src/components/results/DiagramRenderer.tsx,
STAAD-P3-042,Results,Results,Primary Diagrams,Utilization Ratio,Button,,,User displays utilization ratio,Annotated pass-fail utilization values appear,Utilization visualization ties to design code checks,https://docs.bentley.com/LiveContent/web/STAAD.Pro%20Help-v21/en/STD_RESULTS_RIBBON_TAB.html,High,apps/web/src/components/results/ResultsHub.tsx,
STAAD-P3-043,Results,Results,Primary Diagrams,Beam Stress,Button,,,User displays beam stress,Beam stress diagram rendered,Beam stress is available as both direct and layout mode,https://docs.bentley.com/LiveContent/web/STAAD.Pro%20Help-v21/en/STD_RESULTS_RIBBON_TAB.html,High,apps/web/src/components/results/StressVisualization.tsx,
STAAD-P3-044,Results,Results,Primary Diagrams,Plate Stress,Button,,,User displays plate stress,Plate contour over element mesh rendered,Plate stress opens contour-focused display mode,https://docs.bentley.com/LiveContent/web/STAAD.Pro%20Help-v21/en/STD_RESULTS_RIBBON_TAB.html,High,apps/web/src/components/results/StressVisualization.tsx,
STAAD-P3-045,Results,Results,Layouts,Reaction Layout,MenuItem,,,User selects reaction layout,Reaction overlay and reaction tables are shown,Layout command mirrors postprocessing reactions page,https://docs.bentley.com/LiveContent/web/STAAD.Pro%20Help-v21/en/STD_RESULTS_RIBBON_TAB.html,High,apps/web/src/components/results/ResultsHub.tsx,
STAAD-P3-046,Results,Results,Layouts,Beam Forces Layout,MenuItem,,,User selects beam forces layout,Force diagram and beam force tables open,Layout couples graphics with tabular detail view,https://docs.bentley.com/LiveContent/web/STAAD.Pro%20Help-v21/en/STD_RESULTS_RIBBON_TAB.html,High,apps/web/src/components/results/ResultsHub.tsx,
STAAD-P3-047,Results,Results,Dynamic,Mode Shape,Button,,,User selects mode shape,Selected mode shape diagram rendered,Mode selector drives dynamic result context,https://docs.bentley.com/LiveContent/web/STAAD.Pro%20Help-v21/en/STD_RESULTS_RIBBON_TAB.html,High,apps/web/src/components/results/InteractiveResultsCharts.tsx,
STAAD-P3-048,Results,Results,Dynamic,Time Steps,Dropdown,,,User scrubs time steps,Time-history step context updates in view,Time-step control supports slider and typed time input,https://docs.bentley.com/LiveContent/web/STAAD.Pro%20Help-v21/en/STD_RESULTS_RIBBON_TAB.html,High,apps/web/src/components/results/InteractiveResultsCharts.tsx,
STAAD-P3-049,Results,Results,Presentation,Annotate,Button,Annotation dialog,,User opens annotate,Annotation dialog opens and numeric overlays can be configured,Result annotation is explicitly configurable,https://docs.bentley.com/LiveContent/web/STAAD.Pro%20Help-v21/en/STD_RESULTS_RIBBON_TAB.html,High,apps/web/src/components/results/DiagramRenderer.tsx,
STAAD-P3-050,Results,Results,Model Sync,Update Properties,Button,,,User runs update properties,Input model properties are rewritten from design selections,Workflow auto-switches to analytical modeling for re-analysis compatibility,https://docs.bentley.com/LiveContent/web/STAAD.Pro%20Help-v21/en/STD_RESULTS_RIBBON_TAB.html,High,apps/web/src/components/results/ResultsHub.tsx,
STAAD-P3-051,Results,Results,Reports,Beam Property Report,MenuItem,Beam Property dialog,,User generates beam property report,Report dialog opens with sorted selected beams,Report generation supports selected-entity scope,https://docs.bentley.com/LiveContent/web/STAAD.Pro%20Help-v21/en/STD_RESULTS_RIBBON_TAB.html,High,apps/web/src/components/results/ResultsHub.tsx,
STAAD-P3-052,Results,Results,Reports,Column Transfer Force Report,MenuItem,Transfer Forces for Selected Members dialog,,User runs transfer force report,Transfer force dialog opens for selected members,Column transfer report is dedicated report path,https://docs.bentley.com/LiveContent/web/STAAD.Pro%20Help-v21/en/STD_RESULTS_RIBBON_TAB.html,High,apps/web/src/components/results/ResultsHub.tsx,
STAAD-P3-053,Results,Results,Reports,Floor Vibration Report,MenuItem,Floor Vibration Output dialog,,User opens floor vibration report,Floor vibration output dialog opens,Composite deck floor systems can be reviewed through this report,https://docs.bentley.com/LiveContent/web/STAAD.Pro%20Help-v21/en/STD_RESULTS_RIBBON_TAB.html,High,apps/web/src/components/results/ResultsHub.tsx,
STAAD-P3-054,Results,Postprocessing Workflow,Workflow Context,Postprocessing Workflow,Workflow,,,User enters postprocessing workflow,Graphics verification and reporting context activated,Workflow combines visualization and custom report generation surfaces,https://docs.bentley.com/LiveContent/web/STAAD.Pro%20Help-v21/en/POSTPROCESSING_MODE_INDEX.html,High,apps/web/src/components/results/ResultsHub.tsx,
STAAD-P3-055,Results,Postprocessing Workflow,Workflow Pages,Dynamic Results Page Set,PageStrip,,,User navigates postprocessing pages,Dynamic results pages become available,Postprocessing index explicitly includes dynamic result domain,https://docs.bentley.com/LiveContent/web/STAAD.Pro%20Help-v21/en/POSTPROCESSING_MODE_INDEX.html,High,apps/web/src/components/results/InteractiveResultsCharts.tsx,
STAAD-P3-056,Results,Postprocessing Workflow,Workflow Pages,Reports Page Set,PageStrip,,,User navigates postprocessing pages,Reports generation page surfaces are available,Postprocessing includes integrated report generation path,https://docs.bentley.com/LiveContent/web/STAAD.Pro%20Help-v21/en/POSTPROCESSING_MODE_INDEX.html,High,apps/web/src/components/results/ResultsHub.tsx,
STAAD-P3-057,Analysis,Analysis and Design,Misc Set,Clear Above Commands,Button,Delete Miscellaneous Commands dialog,,User clears commands,Selected set commands removed from command-file intent,Command cleanup is explicit and selective,https://docs.bentley.com/LiveContent/web/STAAD.Pro%20Help-v21/en/STD_ANALYSIS_AND_DESIGN_RIBBON_TAB.html,High,apps/web/src/components/modeler/StaadProDialogStubs.tsx,
STAAD-P3-058,Loading,Loading,Auto Combinations,Edit Load Combination Rules,Button,Edit Load Rules dialog,,User edits rules,Auto combination generator rule set is updated,Rule editing governs subsequent auto combo generation,https://docs.bentley.com/LiveContent/web/STAAD.Pro%20Help-v21/en/STD_LOADING_RIBBON_TAB.html,High,apps/web/src/utils/LoadComboService.ts,
STAAD-P3-059,Modeling,Select,Filtering,Filter Cursor,Button,Selection Filters dialog,,User uses filtered selection cursor,Filtered multi-entity pick mode is applied,Filter parameters must be defined before filtered picking,https://docs.bentley.com/LiveContent/web/STAAD.Pro%20Help-v21/en/GUID-B15B93E3-672A-4171-86FB-5497C5D048C6.html,High,apps/web/src/components/toolbar/ModelingToolbar.tsx,
STAAD-P3-060,Modeling,View,Window Layout,Structure Only,Button,,,User selects structure only,Cleanup closes dialogs tables and auxiliary views then expands full structure view,Structure-only is a quick workspace reset tool,https://docs.bentley.com/LiveContent/web/STAAD.Pro%20Help-v21/en/STD_VIEW_RIBBON_TAB.html,High,apps/web/src/components/ViewportManager.tsx,
STAAD-P4-001,UX,Loading,Flow F4-01,Load Definition Lifecycle,Workflow,,,User begins load authoring flow,Transitions from case definition to assignment to visual verification,Load workflow is staged through dialog definition then diagram verification,https://docs.bentley.com/LiveContent/web/STAAD.Pro%20Help-v21/en/STD_LOADING_RIBBON_TAB.html,High,apps/web/src/components/LoadDialog.tsx,Derived from Phase3 atomic commands
STAAD-P4-002,UX,Loading,Flow F4-01,Primary Case To Load Items,Transition,,,User creates primary case then opens load items,Case context drives subsequent item-entry dialog,Load items are attached within selected load-case context,https://docs.bentley.com/LiveContent/web/STAAD.Pro%20Help-v21/en/STD_LOADING_RIBBON_TAB.html,High,apps/web/src/components/LoadDialog.tsx,
STAAD-P4-003,UX,Loading,Flow F4-01,Load Diagram Verification Toggle,Transition,,,User toggles View Loading Diagram,Visual feedback confirms assignment target and magnitude context,Diagram overlay acts as immediate QA checkpoint after assignment,https://docs.bentley.com/LiveContent/web/STAAD.Pro%20Help-v21/en/STD_LOADING_RIBBON_TAB.html,High,apps/web/src/components/ViewportManager.tsx,
STAAD-P4-004,UX,Analysis and Design,Flow F4-02,Run Analysis Handoff,Workflow,STAAD Analysis and Design window,Ctrl+F5,User executes analysis,Progress window appears then results context unlocks after completion,Analysis-to-postprocessing handoff is explicit execution transition,https://docs.bentley.com/LiveContent/web/STAAD.Pro%20Help-v21/en/STD_ANALYSIS_AND_DESIGN_RIBBON_TAB.html,High,apps/web/src/components/AnalysisProgressModal.tsx,
STAAD-P4-005,UX,Postprocessing Workflow,Flow F4-02,Results Context Activation,Transition,,,User enters postprocessing pages after run,Result page sets become available by context,Postprocessing page availability depends on completed analysis state,https://docs.bentley.com/LiveContent/web/STAAD.Pro%20Help-v21/en/POSTPROCESSING_MODE_INDEX.html,High,apps/web/src/components/results/ResultsHub.tsx,
STAAD-P4-006,UX,Analysis and Design,Flow F4-02,Recovery Through Command Tuning,Transition,,,User adjusts set/eigen/cutoff commands then reruns,Execution parameters are iterated before stable results,Command tuning is the primary correction loop for analysis issues,https://docs.bentley.com/LiveContent/web/STAAD.Pro%20Help-v21/en/STD_ANALYSIS_AND_DESIGN_RIBBON_TAB.html,High,apps/web/src/components/ModalAnalysisPanel.tsx,
STAAD-P4-007,UX,Results,Flow F4-03,Result Layout Switching,Workflow,,,User switches results layout,Canvas and tables rebind to selected layout mode,Layouts define synchronized graphics-plus-table views,https://docs.bentley.com/LiveContent/web/STAAD.Pro%20Help-v21/en/STD_RESULTS_RIBBON_TAB.html,High,apps/web/src/components/results/ResultsHub.tsx,
STAAD-P4-008,UX,Results,Flow F4-03,Dynamic Time-Step Navigation,Transition,,,User scrubs time-step control,Result overlays and charts update to selected time,Time-history interpretation depends on interactive time-state navigation,https://docs.bentley.com/LiveContent/web/STAAD.Pro%20Help-v21/en/STD_RESULTS_RIBBON_TAB.html,High,apps/web/src/components/results/InteractiveResultsCharts.tsx,
STAAD-P4-009,UX,Results,Flow F4-03,Annotation and Scale Adjust Loop,Transition,Annotation dialog,,User modifies annotate/scale options,Result readability and numerical overlay density change,Presentation controls are part of interpretation workflow not post-export only,https://docs.bentley.com/LiveContent/web/STAAD.Pro%20Help-v21/en/STD_RESULTS_RIBBON_TAB.html,High,apps/web/src/components/results/DiagramRenderer.tsx,
STAAD-P4-010,UX,Results,Flow F4-04,Update Properties Mutation,Workflow,,,User applies update properties,Input model is rewritten from design selection outcome,Result-stage command can mutate model and invalidate prior analysis consistency,https://docs.bentley.com/LiveContent/web/STAAD.Pro%20Help-v21/en/STD_RESULTS_RIBBON_TAB.html,High,apps/web/src/components/results/ResultsHub.tsx,
STAAD-P4-011,UX,Results,Flow F4-04,Automatic Re-entry To Analytical Modeling,Transition,,,Update properties operation completes,Workflow context auto-switches to analytical modeling for re-analysis,Mutation flow enforces explicit re-analysis loop,https://docs.bentley.com/LiveContent/web/STAAD.Pro%20Help-v21/en/STD_RESULTS_RIBBON_TAB.html,High,apps/web/src/components/layout/EngineeringRibbon.tsx,
STAAD-P4-012,UX,Select,Flow F4-05,Cursor Mode Resolution,Workflow,,,User changes select cursor mode,Selection semantics shift per object class and grouping mode,Selection ambiguity is resolved by cursor-mode switching,https://docs.bentley.com/LiveContent/web/STAAD.Pro%20Help-v21/en/GUID-B15B93E3-672A-4171-86FB-5497C5D048C6.html,High,apps/web/src/components/toolbar/ModelingToolbar.tsx,
STAAD-P4-013,UX,Select,Flow F4-05,Relational Selection Recovery,Transition,,,User applies connected/parallel/list selectors,Target set refined for downstream operation,Relational selectors provide recovery path when direct picking fails,https://docs.bentley.com/LiveContent/web/STAAD.Pro%20Help-v21/en/GUID-B15B93E3-672A-4171-86FB-5497C5D048C6.html,High,apps/web/src/components/toolbar/ModelingToolbar.tsx,
STAAD-P4-014,UX,Select,Flow F4-05,Filter and Missing Property QA,Transition,Selection Filters dialog,,User applies filter or missing-property selection,Problem entities isolated rapidly for correction,Filter cursor plus missing property mode forms QA-first selection loop,https://docs.bentley.com/LiveContent/web/STAAD.Pro%20Help-v21/en/GUID-B15B93E3-672A-4171-86FB-5497C5D048C6.html,High,apps/web/src/components/results/ResultsHub.tsx,
STAAD-P4-015,UX,View,Flow F4-06,View Reset and Stabilization,Workflow,,,User invokes whole structure or structure-only reset,Camera and window clutter are normalized to baseline,View reset tools reduce navigation drift during long sessions,https://docs.bentley.com/LiveContent/web/STAAD.Pro%20Help-v21/en/STD_VIEW_RIBBON_TAB.html,High,apps/web/src/components/ViewportManager.tsx,
STAAD-P4-016,UX,View,Flow F4-06,Multi-View Compare Loop,Transition,New View dialog,,User creates child views and arranges windows,Parallel visual inspection contexts are enabled,New-view and tile/cascade controls support comparison workflows,https://docs.bentley.com/LiveContent/web/STAAD.Pro%20Help-v21/en/STD_VIEW_RIBBON_TAB.html,High,apps/web/src/components/ViewportManager.tsx,
STAAD-P4-017,UX,Shell,Complexity Node,Workflow-Dependent Tool Availability,Behavior,,,User changes workflow,Tab/page/tool visibility changes by context,Tool discoverability is conditioned by workflow state,https://docs.bentley.com/LiveContent/web/STAAD.Pro%20Help-v21/en/GUID-0E9A64F6-3D80-434E-8A0F-0938278474CF.html,High,apps/web/src/components/layout/EngineeringRibbon.tsx,
STAAD-P4-018,UX,Shell,Complexity Node,Dialog-Driven Command Mutation,Behavior,,,User commits dialog changes,Underlying command intent and model state may mutate,Many operations alter command model before solver execution,https://docs.bentley.com/LiveContent/web/STAAD.Pro%20Help-v21/en/STD_ANALYSIS_AND_DESIGN_RIBBON_TAB.html,High,apps/web/src/store/uiStore.ts,
STAAD-P4-019,UX,Shell,Complexity Node,Result Context Coupling,Behavior,,,User changes load mode or time step,Result surface validity and visible datasets change,Interpretation requires explicit context-state awareness,https://docs.bentley.com/LiveContent/web/STAAD.Pro%20Help-v21/en/STD_RESULTS_RIBBON_TAB.html,High,apps/web/src/components/results/InteractiveResultsCharts.tsx,
STAAD-P4-020,UX,Shell,Complexity Node,Selection Mode Mismatch Risk,Behavior,,,User uses incorrect selection mode,Downstream command affects wrong entity set or none,Selection-mode mismatch is a recurrent hidden friction source,https://docs.bentley.com/LiveContent/web/STAAD.Pro%20Help-v21/en/GUID-B15B93E3-672A-4171-86FB-5497C5D048C6.html,High,apps/web/src/components/toolbar/ModelingToolbar.tsx,
STAAD-P5-001,BeamLab Baseline,Application Shell,Runtime Composition,ModernModeler Shell,Composite,, ,User opens main modeler route,Workflow sidebar ribbon viewport inspector and status bar are mounted,Primary runtime shell composes STAAD-like workflow and canvas surfaces,/Users/rakshittiwari/Desktop/newanti/apps/web/src/components/ModernModeler.tsx,High,apps/web/src/components/ModernModeler.tsx,Phase5 code-verified baseline
STAAD-P5-002,BeamLab Baseline,Workflow Sidebar,Category Navigation,WorkflowSidebar,Panel,, ,User switches category in left workflow rail,Category switch updates active tooling context and mobile sidebar closes,Workflow-driven left rail is active and integrated with main shell,/Users/rakshittiwari/Desktop/newanti/apps/web/src/components/layout/WorkflowSidebar.tsx,High,apps/web/src/components/layout/WorkflowSidebar.tsx,Matches Phase2 shell navigation pattern
STAAD-P5-003,BeamLab Baseline,State Guard,Workflow Transition,setCategory Guard Logic,Behavior,, ,User changes top-level category,Warnings appear for missing prerequisites and DESIGN is blocked without analysis,Staged category gating is implemented in central UI store,/Users/rakshittiwari/Desktop/newanti/apps/web/src/store/uiStore.ts,High,apps/web/src/store/uiStore.ts,Strong transition control for F4-01 and F4-02
STAAD-P5-004,BeamLab Baseline,Ribbon,Top-Level Tabs,EngineeringRibbon Categories,TabSet,, ,User changes ribbon tab,Tool clusters re-render per category with category-specific actions,Seven-category ribbon is implemented with modeling through civil domains,/Users/rakshittiwari/Desktop/newanti/apps/web/src/components/layout/EngineeringRibbon.tsx,High,apps/web/src/components/layout/EngineeringRibbon.tsx,
STAAD-P5-005,BeamLab Baseline,Ribbon,Action Routing,executeSharedAction Dispatcher,Behavior,, ,User invokes ribbon actions,Actions map to setTool openModal dispatch and store operations,Dispatcher includes graceful guided-mode notification when modal target is unavailable,/Users/rakshittiwari/Desktop/newanti/apps/web/src/components/layout/EngineeringRibbon.tsx,High,apps/web/src/components/layout/EngineeringRibbon.tsx,Potential parity-gap fallback path
STAAD-P5-006,BeamLab Baseline,Modeling Toolbar,Quick Tools and Groups,ModelingToolbar,Panel,, ,User is in MODELING category,Quick tools dropdown groups and keyboard shortcuts are active,Modeling toolbar is category-scoped and mapped to canvas and modal commands,/Users/rakshittiwari/Desktop/newanti/apps/web/src/components/toolbar/ModelingToolbar.tsx,High,apps/web/src/components/toolbar/ModelingToolbar.tsx,
STAAD-P5-007,BeamLab Baseline,Viewport,Layout Control,Single and Quad Viewports,Canvas,, ,User toggles layout,Viewport switches between single canvas and quad tracked views,Layout control supports STAAD-style multi-view inspection loops,/Users/rakshittiwari/Desktop/newanti/apps/web/src/components/ViewportManager.tsx,High,apps/web/src/components/ViewportManager.tsx,Supports F4-06
STAAD-P5-008,BeamLab Baseline,Viewport,View Mode,2D and 3D Mode Toggle,Toggle,, ,User toggles view mode,Camera and controls switch between orthographic and perspective behaviors,2D/3D mode switching is explicit and persistent in UI state,/Users/rakshittiwari/Desktop/newanti/apps/web/src/components/ViewportManager.tsx,High,apps/web/src/components/ViewportManager.tsx,
STAAD-P5-009,BeamLab Baseline,Viewport,Graphics Fallback,WebGL Compatibility Guard,Behavior,, ,App initializes viewport,WebGL support is checked and warning/fallback messaging is shown,Viewport resilience logic exists for unsupported graphics contexts,/Users/rakshittiwari/Desktop/newanti/apps/web/src/components/ViewportManager.tsx,High,apps/web/src/components/ViewportManager.tsx,
STAAD-P5-010,BeamLab Baseline,Viewport,Context Menu,Right-Click Context Actions,Menu,, ,User right-clicks node member or empty canvas,Context menu options are resolved by selection type,Selection-specific context actions are implemented at shell level,/Users/rakshittiwari/Desktop/newanti/apps/web/src/components/ModernModeler.tsx,High,apps/web/src/components/ModernModeler.tsx,Parity with Phase2 context menu evidence
STAAD-P5-011,BeamLab Baseline,Quick Commands,Spacebar Popup,QuickCommandsToolbar,Popup,,Space,User presses spacebar in modeling flow,Quick command toolbar appears with high-frequency actions,Quick-command pathway exists to reduce ribbon traversal overhead,/Users/rakshittiwari/Desktop/newanti/apps/web/src/components/ModernModeler.tsx,High,apps/web/src/components/ModernModeler.tsx,
STAAD-P5-012,BeamLab Baseline,Status Surface,Persistent Context,StatusBar,StatusField,, ,User observes bottom status bar,Status shows mode tool selection model counts active load case units and zoom,Status surface matches STAAD-like persistent context feedback model,/Users/rakshittiwari/Desktop/newanti/apps/web/src/components/modeler/StatusBar.tsx,High,apps/web/src/components/modeler/StatusBar.tsx,
STAAD-P5-013,BeamLab Baseline,Inspector Surface,Properties Panel,InspectorPanel,Panel,, ,User opens right panel,Selection-aware properties host panel is shown with collapse control,Right inspector is active runtime property-edit surface,/Users/rakshittiwari/Desktop/newanti/apps/web/src/components/modeler/InspectorPanel.tsx,High,apps/web/src/components/modeler/InspectorPanel.tsx,
STAAD-P5-014,BeamLab Baseline,Results,Unified Hub,ResultsHub,ModalHub,, ,User opens results hub,Analysis design detailing and export tabs are available in a single hub,Postprocessing is consolidated into modal hub rather than page-strip workflow,/Users/rakshittiwari/Desktop/newanti/apps/web/src/components/results/ResultsHub.tsx,High,apps/web/src/components/results/ResultsHub.tsx,
STAAD-P5-015,BeamLab Baseline,Event Bus,Cross-Surface Wiring,CustomEvent Routing,Behavior,, ,Ribbon and toolbar actions fire events,ModernModeler listens and routes events to analysis edit view and export handlers,Global event bus couples shell actions to runtime behavior,/Users/rakshittiwari/Desktop/newanti/apps/web/src/components/ModernModeler.tsx,High,apps/web/src/components/ModernModeler.tsx,Critical for transition execution
STAAD-P5-016,BeamLab Baseline,Parity Dialog Registry,Modal Wiring,StaadProDialogStubs Registry,Registry,, ,Parity modal key is set true,Registered dialog lazy-loads and mounts with close binding,Fifteen STAAD parity dialogs are centrally registered for runtime mounting,/Users/rakshittiwari/Desktop/newanti/apps/web/src/components/modeler/StaadProDialogStubs.tsx,High,apps/web/src/components/modeler/StaadProDialogStubs.tsx,
STAAD-P5-017,BeamLab Baseline,Parity Dialog Registry,Fallback Policy,Lazy Import Null Fallback,Behavior,, ,Dialog import fails at runtime,Fallback component renders null instead of crash,Defensive fallback prevents hard failure but can hide missing implementations,/Users/rakshittiwari/Desktop/newanti/apps/web/src/components/modeler/StaadProDialogStubs.tsx,High,apps/web/src/components/modeler/StaadProDialogStubs.tsx,Risk: silent parity gap
STAAD-P5-018,BeamLab Baseline,Parity Dialog Coverage,File Presence,Dialog File Existence Check,Validation,, ,Dialog registry imports are audited,All fifteen referenced dialog files exist in dialogs folder,Registry references are currently backed by concrete source files,/Users/rakshittiwari/Desktop/newanti/apps/web/src/components/modeler/StaadProDialogStubs.tsx,High,apps/web/src/components/dialogs/,Verified by local scripted check
STAAD-P5-019,BeamLab Baseline,Legacy Surface,Alternative Shell,WorkspaceLayout Plus Ribbon Legacy,LegacyPath,, ,Developer inspects alternate layout files,Secondary shell implementation with simplified ribbon still exists in repo,Legacy shell can drift from primary parity implementation if reused,/Users/rakshittiwari/Desktop/newanti/apps/web/src/layouts/WorkspaceLayout.tsx,High,apps/web/src/layouts/WorkspaceLayout.tsx,Audit should treat ModernModeler as authoritative
STAAD-P5-020,BeamLab Baseline,Data Panel,Legacy Table Surface,DataTablesPanel,Panel,, ,User opens legacy workspace bottom panel,Tabbed node/member/load tables render with collapsible behavior,Legacy data panel exists but modern primary flow uses results dock and hub,/Users/rakshittiwari/Desktop/newanti/apps/web/src/components/layout/DataTablesPanel.tsx,High,apps/web/src/components/layout/DataTablesPanel.tsx,
STAAD-P6-001,Parity Matrix,Shell,Comparative Domain,Application Shell and Workflow Navigation,Assessment,, ,Reviewer compares STAAD shell evidence to BeamLab runtime shell,Primary shell parity judged implemented,ModernModeler plus workflow sidebar confirms shell-level parity readiness,/Users/rakshittiwari/Desktop/newanti/docs/research/STAAD_PHASE6_COMPARATIVE_PARITY_MATRIX.md,High,docs/research/STAAD_PHASE6_COMPARATIVE_PARITY_MATRIX.md,Status=Implemented
STAAD-P6-002,Parity Matrix,Ribbon,Comparative Domain,Ribbon Category Structure,Assessment,, ,Reviewer compares STAAD tab families to BeamLab ribbon categories,Ribbon parity judged implemented,Seven-category ribbon with wired action routing is present in primary shell,/Users/rakshittiwari/Desktop/newanti/docs/research/STAAD_PHASE6_COMPARATIVE_PARITY_MATRIX.md,High,docs/research/STAAD_PHASE6_COMPARATIVE_PARITY_MATRIX.md,Status=Implemented
STAAD-P6-003,Parity Matrix,Viewport,Comparative Domain,Viewport Navigation and Layouts,Assessment,, ,Reviewer compares view commands to BeamLab viewport controls,Viewport parity judged implemented,Single/quad layouts plus 2D/3D controls satisfy core navigation parity,/Users/rakshittiwari/Desktop/newanti/docs/research/STAAD_PHASE6_COMPARATIVE_PARITY_MATRIX.md,High,docs/research/STAAD_PHASE6_COMPARATIVE_PARITY_MATRIX.md,Status=Implemented
STAAD-P6-004,Parity Matrix,Select,Comparative Domain,Selection Ambiguity Recovery,Assessment,, ,Reviewer compares STAAD advanced selection model to BeamLab selection surfaces,Selection parity judged partial,Core selection exists but advanced relational QA discoverability remains uneven,/Users/rakshittiwari/Desktop/newanti/docs/research/STAAD_PHASE6_COMPARATIVE_PARITY_MATRIX.md,Medium,docs/research/STAAD_PHASE6_COMPARATIVE_PARITY_MATRIX.md,Status=Partial
STAAD-P6-005,Parity Matrix,Specification,Comparative Domain,Property and Specification Depth,Assessment,, ,Reviewer compares specification command depth to BeamLab dialogs,Specification parity judged partial,Breadth exists but some STAAD parameter depth is not fully mirrored,/Users/rakshittiwari/Desktop/newanti/docs/research/STAAD_PHASE6_COMPARATIVE_PARITY_MATRIX.md,Medium,docs/research/STAAD_PHASE6_COMPARATIVE_PARITY_MATRIX.md,Status=Partial
STAAD-P6-006,Parity Matrix,Loading,Comparative Domain,Loading Lifecycle and Generators,Assessment,, ,Reviewer compares loading command lifecycle and generator depth,Loading parity judged partial,Case and assignment lifecycle is strong while code-specific generator depth is mixed,/Users/rakshittiwari/Desktop/newanti/docs/research/STAAD_PHASE6_COMPARATIVE_PARITY_MATRIX.md,High,docs/research/STAAD_PHASE6_COMPARATIVE_PARITY_MATRIX.md,Status=Partial
STAAD-P6-007,Parity Matrix,Analysis and Design,Comparative Domain,Analysis Execution and Advanced Solvers,Assessment,, ,Reviewer compares run-analysis and advanced analysis surfaces,Analysis parity judged implemented,Execution pipeline and guarded advanced dialogs are wired in primary shell,/Users/rakshittiwari/Desktop/newanti/docs/research/STAAD_PHASE6_COMPARATIVE_PARITY_MATRIX.md,High,docs/research/STAAD_PHASE6_COMPARATIVE_PARITY_MATRIX.md,Status=Implemented
STAAD-P6-008,Parity Matrix,Results,Comparative Domain,Results Interpretation and Postprocessing,Assessment,, ,Reviewer compares STAAD results flows with BeamLab Results Hub,Results parity judged implemented,Unified hub provides analysis design detailing and export actions,/Users/rakshittiwari/Desktop/newanti/docs/research/STAAD_PHASE6_COMPARATIVE_PARITY_MATRIX.md,High,docs/research/STAAD_PHASE6_COMPARATIVE_PARITY_MATRIX.md,Status=Implemented
STAAD-P6-009,Parity Matrix,Results,Comparative Domain,Result To Model Synchronization Semantics,Assessment,, ,Reviewer compares STAAD Update Properties loop to BeamLab design mutation behavior,Synchronization parity judged partial,BeamLab supports iterative design loop but semantics are not one-to-one STAAD equivalent,/Users/rakshittiwari/Desktop/newanti/docs/research/STAAD_PHASE6_COMPARATIVE_PARITY_MATRIX.md,Medium,docs/research/STAAD_PHASE6_COMPARATIVE_PARITY_MATRIX.md,Status=Partial
STAAD-P6-010,Parity Matrix,Keyboard Layer,Comparative Domain,Quick Commands and Shortcut Discoverability,Assessment,, ,Reviewer compares STAAD shortcut/keytip layer to BeamLab quick-command surfaces,Keyboard parity judged partial,Command palette and quick commands exist but keytip equivalence is incomplete,/Users/rakshittiwari/Desktop/newanti/docs/research/STAAD_PHASE6_COMPARATIVE_PARITY_MATRIX.md,Medium,docs/research/STAAD_PHASE6_COMPARATIVE_PARITY_MATRIX.md,Status=Partial
STAAD-P6-011,Parity Matrix,Status Surface,Comparative Domain,Persistent Context Feedback,Assessment,, ,Reviewer compares status and context indicators,Status parity judged implemented,BeamLab status bar provides mode tool counts load case units and zoom context,/Users/rakshittiwari/Desktop/newanti/docs/research/STAAD_PHASE6_COMPARATIVE_PARITY_MATRIX.md,High,docs/research/STAAD_PHASE6_COMPARATIVE_PARITY_MATRIX.md,Status=Implemented
STAAD-P6-012,Parity Matrix,Governance,Comparative Domain,Legacy Shell Consistency Risk,Assessment,, ,Reviewer compares primary versus legacy shell paths,Governance parity judged gap,Legacy shell artifacts create drift risk for parity audits if treated as primary,/Users/rakshittiwari/Desktop/newanti/docs/research/STAAD_PHASE6_COMPARATIVE_PARITY_MATRIX.md,High,docs/research/STAAD_PHASE6_COMPARATIVE_PARITY_MATRIX.md,Status=Gap
STAAD-P7-001,Execution Plan,Wave 1,Reliability Hardening,Dialog Fallback Hardening,WorkPackage,, ,Planner translates parity risk into implementation package,Silent dialog fallback risk is explicitly assigned and testable,Wave1 defines no-silent-failure standard for parity dialogs,/Users/rakshittiwari/Desktop/newanti/docs/research/STAAD_PHASE7_EXECUTION_ROADMAP.md,High,docs/research/STAAD_PHASE7_EXECUTION_ROADMAP.md,WP-1.1
STAAD-P7-002,Execution Plan,Wave 1,Governance,Primary Shell Authority Lock,WorkPackage,, ,Planner defines shell governance controls,ModernModeler is marked authoritative for parity conclusions,Wave1 prevents legacy-shell audit drift,/Users/rakshittiwari/Desktop/newanti/docs/research/STAAD_PHASE7_EXECUTION_ROADMAP.md,High,docs/research/STAAD_PHASE7_EXECUTION_ROADMAP.md,WP-1.2
STAAD-P7-003,Execution Plan,Wave 2,Depth Parity,Selection Discoverability Upgrade,WorkPackage,, ,Planner defines selection-depth remediation package,Advanced selection recovery is mapped to explicit acceptance tests,Wave2 aligns execution with F4-05 transition goals,/Users/rakshittiwari/Desktop/newanti/docs/research/STAAD_PHASE7_EXECUTION_ROADMAP.md,High,docs/research/STAAD_PHASE7_EXECUTION_ROADMAP.md,WP-2.1
STAAD-P7-004,Execution Plan,Wave 2,Depth Parity,Loading Generator Parameter Parity,WorkPackage,, ,Planner defines loading-depth remediation package,Generator parity is prioritized by engineering-impact parameters,Wave2 aligns execution with F4-01 lifecycle continuity,/Users/rakshittiwari/Desktop/newanti/docs/research/STAAD_PHASE7_EXECUTION_ROADMAP.md,High,docs/research/STAAD_PHASE7_EXECUTION_ROADMAP.md,WP-2.2
STAAD-P7-005,Execution Plan,Wave 2,Safety Semantics,Result Mutation Reanalysis Guard,WorkPackage,, ,Planner defines stale-result prevention package,Mutation flows must show explicit reanalysis safety cues,Wave2 aligns execution with F4-04 mutation loop integrity,/Users/rakshittiwari/Desktop/newanti/docs/research/STAAD_PHASE7_EXECUTION_ROADMAP.md,High,docs/research/STAAD_PHASE7_EXECUTION_ROADMAP.md,WP-2.3
STAAD-P7-006,Execution Plan,Wave 3,Productivity,Keyboard and Command Discoverability,WorkPackage,, ,Planner defines productivity parity package,Top-frequency actions require discoverable command or shortcut route,Wave3 addresses partial parity in keyboard layer,/Users/rakshittiwari/Desktop/newanti/docs/research/STAAD_PHASE7_EXECUTION_ROADMAP.md,Medium,docs/research/STAAD_PHASE7_EXECUTION_ROADMAP.md,WP-3.1
STAAD-P7-007,Execution Plan,Governance Gates,Quality Control,Gate Framework A B C,GateSpec,, ,Planner defines execution gates,Runtime transition and evidence gates formalized for closure,Phase7 introduces auditable go-no-go controls before parity closure,/Users/rakshittiwari/Desktop/newanti/docs/research/STAAD_PHASE7_EXECUTION_ROADMAP.md,High,docs/research/STAAD_PHASE7_EXECUTION_ROADMAP.md,GateA GateB GateC
STAAD-P7-008,Execution Plan,Metrics,Measurement,Parity Closure Metrics Pack,MetricSpec,, ,Planner defines parity tracking metrics,Closure silent-failure transition-pass and stale-result metrics are specified,Phase7 converts roadmap into measurable outcomes,/Users/rakshittiwari/Desktop/newanti/docs/research/STAAD_PHASE7_EXECUTION_ROADMAP.md,High,docs/research/STAAD_PHASE7_EXECUTION_ROADMAP.md,Execution metrics contract
STAAD-P8-001,Implementation Tickets,Wave 1,Ticketization,BL-P0-001 Dialog Fallback Hardening,Ticket,, ,Planner converts P0 reliability issue into execution ticket,Silent fallback mitigation is made implementation-ready with QA criteria,Phase8 establishes explicit runtime failure UX requirements,/Users/rakshittiwari/Desktop/newanti/docs/research/STAAD_PHASE8_IMPLEMENTATION_TICKETS.md,High,docs/research/STAAD_PHASE8_IMPLEMENTATION_TICKETS.md,Ticketized from P6/P7
STAAD-P8-002,Implementation Tickets,Wave 1,Ticketization,BL-P0-002 Primary Shell Governance Lock,Ticket,, ,Planner converts governance risk into execution ticket,Authoritative shell policy is tied to acceptance checks,Phase8 formalizes audit-scope control for parity work,/Users/rakshittiwari/Desktop/newanti/docs/research/STAAD_PHASE8_IMPLEMENTATION_TICKETS.md,High,docs/research/STAAD_PHASE8_IMPLEMENTATION_TICKETS.md,
STAAD-P8-003,Implementation Tickets,Wave 2,Ticketization,BL-P1-001 Selection Depth Upgrade,Ticket,, ,Planner converts partial selection parity into execution ticket,Selection ambiguity recovery is scoped with measurable UX targets,Phase8 maps F4-05 to actionable engineering work,/Users/rakshittiwari/Desktop/newanti/docs/research/STAAD_PHASE8_IMPLEMENTATION_TICKETS.md,High,docs/research/STAAD_PHASE8_IMPLEMENTATION_TICKETS.md,
STAAD-P8-004,Implementation Tickets,Wave 2,Ticketization,BL-P1-002 Loading Generator Parity Pass,Ticket,, ,Planner converts loading-depth parity gap into ticket,Generator parity checklist and lifecycle continuity are mandated,Phase8 maps F4-01 to implementation and QA scenarios,/Users/rakshittiwari/Desktop/newanti/docs/research/STAAD_PHASE8_IMPLEMENTATION_TICKETS.md,High,docs/research/STAAD_PHASE8_IMPLEMENTATION_TICKETS.md,
STAAD-P8-005,Implementation Tickets,Wave 2,Ticketization,BL-P1-003 Reanalysis Safety Semantics,Ticket,, ,Planner converts mutation safety partial parity into ticket,Stale-result prevention and reanalysis cues are required,Phase8 maps F4-04 to explicit acceptance criteria,/Users/rakshittiwari/Desktop/newanti/docs/research/STAAD_PHASE8_IMPLEMENTATION_TICKETS.md,High,docs/research/STAAD_PHASE8_IMPLEMENTATION_TICKETS.md,
STAAD-P8-006,Implementation Tickets,Wave 3,Ticketization,BL-P2-001 Keyboard Discoverability,Ticket,, ,Planner converts productivity parity partial into ticket,High-frequency command discoverability is constrained by acceptance checks,Phase8 defines low-risk productivity closure path,/Users/rakshittiwari/Desktop/newanti/docs/research/STAAD_PHASE8_IMPLEMENTATION_TICKETS.md,Medium,docs/research/STAAD_PHASE8_IMPLEMENTATION_TICKETS.md,
STAAD-P8-007,Implementation Tickets,Wave 3,Ticketization,BL-P2-002 Living Parity Doc Contract,Ticket,, ,Planner converts documentation drift risk into ticket,Matrix-ledger synchronization is made a repeatable process,Phase8 protects parity integrity after implementation waves,/Users/rakshittiwari/Desktop/newanti/docs/research/STAAD_PHASE8_IMPLEMENTATION_TICKETS.md,High,docs/research/STAAD_PHASE8_IMPLEMENTATION_TICKETS.md,
STAAD-P8-008,Implementation Tickets,Delivery Order,Dependency Graph,Wave Dependency Chain,ExecutionOrder,, ,Planner sets explicit ticket execution order,Wave dependencies ensure reliability work precedes depth enhancements,Phase8 creates unambiguous implementation sequencing,/Users/rakshittiwari/Desktop/newanti/docs/research/STAAD_PHASE8_IMPLEMENTATION_TICKETS.md,High,docs/research/STAAD_PHASE8_IMPLEMENTATION_TICKETS.md,
STAAD-P9-001,Validation Closeout,Validation Strategy,Layered Verification,Four-Layer Validation Model,ValidationSpec,, ,Planner defines closeout validation layers,Feature transition evidence and governance validation become mandatory,Phase9 establishes full-stack parity validation architecture,/Users/rakshittiwari/Desktop/newanti/docs/research/STAAD_PHASE9_VALIDATION_AND_CLOSEOUT.md,High,docs/research/STAAD_PHASE9_VALIDATION_AND_CLOSEOUT.md,
STAAD-P9-002,Validation Closeout,Test Suite A,Reliability,Runtime Parity Reliability Suite,TestPlan,, ,Planner defines runtime reliability test suite,Silent failure prevention and telemetry behavior are verifiable,Phase9 operationalizes P0 reliability checks,/Users/rakshittiwari/Desktop/newanti/docs/research/STAAD_PHASE9_VALIDATION_AND_CLOSEOUT.md,High,docs/research/STAAD_PHASE9_VALIDATION_AND_CLOSEOUT.md,
STAAD-P9-003,Validation Closeout,Test Suite B,Transition Integrity,F4 Conformance Replay Suite,TestPlan,, ,Planner defines transition replay suite,All F4 flows are testable end-to-end with pass criteria,Phase9 makes transition parity measurable,/Users/rakshittiwari/Desktop/newanti/docs/research/STAAD_PHASE9_VALIDATION_AND_CLOSEOUT.md,High,docs/research/STAAD_PHASE9_VALIDATION_AND_CLOSEOUT.md,
STAAD-P9-004,Validation Closeout,Test Suite C,Evidence Integrity,Docs and Ledger Consistency Suite,TestPlan,, ,Planner defines evidence integrity suite,Matrix status and ledger schema consistency are enforced,Phase9 ensures audit-traceable parity updates,/Users/rakshittiwari/Desktop/newanti/docs/research/STAAD_PHASE9_VALIDATION_AND_CLOSEOUT.md,High,docs/research/STAAD_PHASE9_VALIDATION_AND_CLOSEOUT.md,
STAAD-P9-005,Validation Closeout,Re-Scoring,Metric Protocol,Post-Wave2 Parity Recompute,Protocol,, ,Planner defines parity index recompute protocol,Status reassessment and delta tracking become standardized,Phase9 sets reproducible post-implementation scoring method,/Users/rakshittiwari/Desktop/newanti/docs/research/STAAD_PHASE9_VALIDATION_AND_CLOSEOUT.md,High,docs/research/STAAD_PHASE9_VALIDATION_AND_CLOSEOUT.md,
STAAD-P9-006,Validation Closeout,Gates,Governance,Gate1 Reliability Gate,GateSpec,, ,Planner defines reliability closeout gate,P0 completion and no-silent-failure are mandatory for pass,Phase9 formalizes release blocking controls,/Users/rakshittiwari/Desktop/newanti/docs/research/STAAD_PHASE9_VALIDATION_AND_CLOSEOUT.md,High,docs/research/STAAD_PHASE9_VALIDATION_AND_CLOSEOUT.md,
STAAD-P9-007,Validation Closeout,Gates,Governance,Gate2 Transition Gate,GateSpec,, ,Planner defines transition closeout gate,F4 flow pass conditions are required for closeout,Phase9 links release readiness to UX transition integrity,/Users/rakshittiwari/Desktop/newanti/docs/research/STAAD_PHASE9_VALIDATION_AND_CLOSEOUT.md,High,docs/research/STAAD_PHASE9_VALIDATION_AND_CLOSEOUT.md,
STAAD-P9-008,Validation Closeout,Gates,Governance,Gate3 and Gate4 Evidence and Operational Gates,GateSpec,, ,Planner defines evidence and operational closeout gates,Documentation discipline and future parity process are enforced,Phase9 makes parity sustainability explicit beyond one release,/Users/rakshittiwari/Desktop/newanti/docs/research/STAAD_PHASE9_VALIDATION_AND_CLOSEOUT.md,High,docs/research/STAAD_PHASE9_VALIDATION_AND_CLOSEOUT.md,
STAAD-P10-001,Sprint Execution,Board Setup,Planning,Two Week Delivery Horizon,ExecutionPlan,, ,Planner converts tickets into sprint horizon,Delivery cadence and checkpoints are time-bound for implementation,Phase10 operationalizes roadmap into sprint structure,/Users/rakshittiwari/Desktop/newanti/docs/research/STAAD_PHASE10_SPRINT_EXECUTION_BOARD.md,High,docs/research/STAAD_PHASE10_SPRINT_EXECUTION_BOARD.md,
STAAD-P10-002,Sprint Execution,Lanes,Planning,Runtime UX and Evidence Lanes,ExecutionPlan,, ,Planner organizes work into lanes,Ownership and focus areas are separated to reduce execution ambiguity,Phase10 defines clear delivery lanes for parity implementation,/Users/rakshittiwari/Desktop/newanti/docs/research/STAAD_PHASE10_SPRINT_EXECUTION_BOARD.md,High,docs/research/STAAD_PHASE10_SPRINT_EXECUTION_BOARD.md,
STAAD-P10-003,Sprint Execution,Dependencies,Planning,Wave Dependency Chain,DependencySpec,, ,Planner sequences ticket dependencies,Wave1 completion is required before depth and productivity enhancements,Phase10 enforces reliability-first execution order,/Users/rakshittiwari/Desktop/newanti/docs/research/STAAD_PHASE10_SPRINT_EXECUTION_BOARD.md,High,docs/research/STAAD_PHASE10_SPRINT_EXECUTION_BOARD.md,
STAAD-P10-004,Sprint Execution,Checkpointing,Governance,Checkpoint C1 C2 C3,CheckpointSpec,, ,Planner defines sprint checkpoints,Mid and end sprint parity readiness is measurable,Phase10 introduces staged checkpoint governance,/Users/rakshittiwari/Desktop/newanti/docs/research/STAAD_PHASE10_SPRINT_EXECUTION_BOARD.md,High,docs/research/STAAD_PHASE10_SPRINT_EXECUTION_BOARD.md,
STAAD-P11-001,Risk Register,Scoring Model,Governance,Probability Impact Matrix,RiskMethod,, ,Planner defines risk quantification model,Risk prioritization becomes explicit and repeatable,Phase11 formalizes risk assessment baseline,/Users/rakshittiwari/Desktop/newanti/docs/research/STAAD_PHASE11_RISK_REGISTER_AND_CONTROLS.md,High,docs/research/STAAD_PHASE11_RISK_REGISTER_AND_CONTROLS.md,
STAAD-P11-002,Risk Register,Execution Risk,Reliability,Silent Dialog Failure Risk,RiskItem,, ,Planner logs reliability risk with controls,Preventive and contingency actions are assigned for high-impact failure mode,Phase11 protects P0 reliability outcomes,/Users/rakshittiwari/Desktop/newanti/docs/research/STAAD_PHASE11_RISK_REGISTER_AND_CONTROLS.md,High,docs/research/STAAD_PHASE11_RISK_REGISTER_AND_CONTROLS.md,
STAAD-P11-003,Risk Register,Governance Risk,Audit Integrity,Legacy Shell Drift Risk,RiskItem,, ,Planner logs governance drift risk,Primary shell citation control is mandated to protect parity integrity,Phase11 reinforces authoritative-shell policy,/Users/rakshittiwari/Desktop/newanti/docs/research/STAAD_PHASE11_RISK_REGISTER_AND_CONTROLS.md,High,docs/research/STAAD_PHASE11_RISK_REGISTER_AND_CONTROLS.md,
STAAD-P11-004,Risk Register,Control Matrix,Governance,Preventive Detective Corrective Controls,ControlSpec,, ,Planner defines control types and mapping,Risk responses are structured across prevention detection and correction,Phase11 establishes actionable control architecture,/Users/rakshittiwari/Desktop/newanti/docs/research/STAAD_PHASE11_RISK_REGISTER_AND_CONTROLS.md,High,docs/research/STAAD_PHASE11_RISK_REGISTER_AND_CONTROLS.md,
STAAD-P12-001,Final Summary,Program Closure,Handoff,Completed Phase Chain 1 to 12,ClosureSummary,, ,Planner consolidates full phase chain,Research lifecycle is documented from discovery to closeout,Phase12 provides complete continuity snapshot,/Users/rakshittiwari/Desktop/newanti/docs/research/STAAD_PHASE12_FINAL_MASTER_SUMMARY.md,High,docs/research/STAAD_PHASE12_FINAL_MASTER_SUMMARY.md,
STAAD-P12-002,Final Summary,Quantitative State,Parity Position,Baseline Index and Domain Count,ClosureSummary,, ,Planner records current parity baseline,Parity status and numeric baseline are centralized for re-score comparison,Phase12 anchors implementation target tracking,/Users/rakshittiwari/Desktop/newanti/docs/research/STAAD_PHASE12_FINAL_MASTER_SUMMARY.md,High,docs/research/STAAD_PHASE12_FINAL_MASTER_SUMMARY.md,
STAAD-P12-003,Final Summary,Handoff Index,Artifact Mapping,Handoff Package Catalog,ClosureSummary,, ,Planner maps handoff artifact index,Teams can find strategy execution validation and risk documents quickly,Phase12 improves execution onboarding and continuity,/Users/rakshittiwari/Desktop/newanti/docs/research/STAAD_PHASE12_FINAL_MASTER_SUMMARY.md,High,docs/research/STAAD_PHASE12_FINAL_MASTER_SUMMARY.md,
STAAD-P12-004,Final Summary,Execution Next Steps,Operational Plan,Immediate Action Sequence,ClosureSummary,, ,Planner defines immediate next engineering steps,Wave kickoff validation replay and re-score cycle are made explicit,Phase12 converts documentation into actionable start sequence,/Users/rakshittiwari/Desktop/newanti/docs/research/STAAD_PHASE12_FINAL_MASTER_SUMMARY.md,High,docs/research/STAAD_PHASE12_FINAL_MASTER_SUMMARY.md,
